region,spp,common,flagged
Aleutian Islands,Acantholithodes hispidus,spiny lithode crab,FALSE
Aleutian Islands,Actiniaria spp.,anemones,FALSE
Aleutian Islands,Ammodytes sp.,NA,FALSE
Aleutian Islands,Anoplopoma fimbria,sablefish,FALSE
Aleutian Islands,Anthomastus sp.,NA,FALSE
Aleutian Islands,Aphrocallistes vastus,cloud sponge,FALSE
Aleutian Islands,Aptocyclus ventricosus,smooth lumpsucker,FALSE
Aleutian Islands,Arctomelon stearnsii,Alaska volute,FALSE
Aleutian Islands,Asterozoa spp.,sea stars,FALSE
Aleutian Islands,Atheresthes spp.,arrowtooth and Kamchatka flounders,FALSE
Aleutian Islands,Balanus spp.,barnacle,FALSE
Aleutian Islands,Bathyagonus nigripinnis,blackfin poacher,FALSE
Aleutian Islands,Bathymaster caeruleofasciatus,Alaskan ronquil,FALSE
Aleutian Islands,Bathymaster signatus,searcher,FALSE
Aleutian Islands,Bathyplotes spp.,sea cucumber,FALSE
Aleutian Islands,Bathyraja spp.,roughtail skate,FALSE
Aleutian Islands,Beringius spp.,true whelks,FALSE
Aleutian Islands,Beringraja binoculata,NA,FALSE
Aleutian Islands,Berryteuthis magister,magister armhook squid,FALSE
Aleutian Islands,Bolinia euryptera,sculpin,FALSE
Aleutian Islands,Bryozoa spp.,bryozoan shrimp,FALSE
Aleutian Islands,Bryozoichthys marjorius,pearly prickleback,FALSE
Aleutian Islands,Buccinum spp.,true whelks,FALSE
Aleutian Islands,Careproctus melanurus,blacktail snailfish,FALSE
Aleutian Islands,Careproctus rastrinus,salmon snailfish,FALSE
Aleutian Islands,Careproctus spp.,snailfishes,FALSE
Aleutian Islands,Ceramaster japonicus,red cookie star,FALSE
Aleutian Islands,Ceramaster patagonicus,cookie star,FALSE
Aleutian Islands,Ceramaster spp.,cookie star,FALSE
Aleutian Islands,Chauliodus macouni,Pacific viperfish,FALSE
Aleutian Islands,Cheiraster dawsoni,sea star,FALSE
Aleutian Islands,Chionoecetes bairdi,tanner crab,FALSE
Aleutian Islands,Chirona evermanni,NA,FALSE
Aleutian Islands,Chlamys spp.,scallops,FALSE
Aleutian Islands,Chorilia longipes,longhorn decorator crab,FALSE
Aleutian Islands,Cladaster validus,NA,FALSE
Aleutian Islands,Coryphaenoides pectoralis,NA,FALSE
Aleutian Islands,Crossaster papposus,common sunstar,FALSE
Aleutian Islands,Crystallichthys cyclospilus,blotched snailfish,FALSE
Aleutian Islands,Ctenodiscus crispatus,mud star,FALSE
Aleutian Islands,Cucumaria fallax,sea cucumber,FALSE
Aleutian Islands,Dasycottus setiger,spinyhead sculpin,FALSE
Aleutian Islands,Decapodiformes spp.,squids,FALSE
Aleutian Islands,Diaphus theta,California headlightfish,FALSE
Aleutian Islands,Diplopteraster multipes,cushion star,FALSE
Aleutian Islands,Dipsacaster borealis,northern sand star,FALSE
Aleutian Islands,Enteroctopus dofleini,North Pacific giant octopus,FALSE
Aleutian Islands,Erimacrus isenbeckii,hair crab,FALSE
Aleutian Islands,Eumicrotremus orbis,Pacific spiny lumpsucker,FALSE
Aleutian Islands,Eunoe sp.,NA,FALSE
Aleutian Islands,Fusitriton oregonensis,Oregon triton,FALSE
Aleutian Islands,Gadus chalcogrammus,walleye pollock,FALSE
Aleutian Islands,Gadus macrocephalus,Pacific cod,FALSE
Aleutian Islands,Gastropoda spp.,gastropods,FALSE
Aleutian Islands,Gephyreaster swifti,Gunpowder Star,FALSE
Aleutian Islands,Glebocarcinus oregonensis,pygmy rock crab,FALSE
Aleutian Islands,Glyptocephalus zachirus,rex sole,FALSE
Aleutian Islands,Gonatopsis borealis,Boreopacific gonate squid,FALSE
Aleutian Islands,Gorgonacea spp.,soft corals,FALSE
Aleutian Islands,Gorgonocephalus eucnemis,basket star,FALSE
Aleutian Islands,Gymnocanthus galeatus,armorhead sculpin,FALSE
Aleutian Islands,Halichondria panicea,breadcrumb sponge,FALSE
Aleutian Islands,Halocynthia aurantium,sea peach,FALSE
Aleutian Islands,Hemilepidotus jordani,yellow Irish lord,FALSE
Aleutian Islands,Hemilepidotus zapus,longfin Irish lord,FALSE
Aleutian Islands,Hemitripterus bolini,bigmouth sculpin,FALSE
Aleutian Islands,Henricia spp.,sea star,FALSE
Aleutian Islands,Hexagrammos decagrammus,kelp greenling,FALSE
Aleutian Islands,Hiatella arctica,Arctic hiatella,FALSE
Aleutian Islands,Hippasteria phrygiana,trojan star,FALSE
Aleutian Islands,Hippasteria sp.,NA,FALSE
Aleutian Islands,Hippoglossoides elassodon,flathead sole,FALSE
Aleutian Islands,Hippoglossus stenolepis,Pacific halibut,FALSE
Aleutian Islands,Hirudinea,NA,FALSE
Aleutian Islands,Holothuroidea spp.,sea cucumbers,FALSE
Aleutian Islands,Hyas lyratus,Pacific lyre crab,FALSE
Aleutian Islands,Hydroidolina,NA,FALSE
Aleutian Islands,Hypsagonus quadricornis,fourhorn poacher,FALSE
Aleutian Islands,Icelus spiniger,thorny sculpin,FALSE
Aleutian Islands,Isopoda spp.,"pill bugs, wood lice and sea slaters",FALSE
Aleutian Islands,Isopsetta isolepis,butter sole,FALSE
Aleutian Islands,Lebbeus groenlandicus,spiny lebbeid,FALSE
Aleutian Islands,Lepidopsetta spp.,rock soles,FALSE
Aleutian Islands,Leptasterias spp.,six-rayed sea stars,FALSE
Aleutian Islands,Leptychaster arcticus,NA,FALSE
Aleutian Islands,Lethasterias nanimensis,black spined star,FALSE
Aleutian Islands,Lethotremus muticus,docked snailfish,FALSE
Aleutian Islands,Leuroglossus schmidti,northern smoothtongue,FALSE
Aleutian Islands,Limanda aspera,yellowfin sole,FALSE
Aleutian Islands,Liparidae spp.,snailfishes,FALSE
Aleutian Islands,Lithodes aequispinus,golden king crab,FALSE
Aleutian Islands,Lycodes beringi,Bering eelpout,FALSE
Aleutian Islands,Lycodes brevipes,shortfin eelpout,FALSE
Aleutian Islands,Lycodes concolor,ebony eelpout,FALSE
Aleutian Islands,Lycodes palearis,wattled eelpout,FALSE
Aleutian Islands,Malacocottus zonurus,darkfin sculpin,FALSE
Aleutian Islands,Mallotus villosus,capelin,FALSE
Aleutian Islands,Microstomus pacificus,Dover sole,FALSE
Aleutian Islands,Modiolus modiolus,northern horsemussel,FALSE
Aleutian Islands,Mycale loveni,tree sponge,FALSE
Aleutian Islands,Myctophidae spp.,lanternfishes,FALSE
Aleutian Islands,Myoxocephalus spp.,daddy sculpins,FALSE
Aleutian Islands,Nautichthys oculofasciatus,sailfin sculpin,FALSE
Aleutian Islands,Neptunea spp.,true whelks,FALSE
Aleutian Islands,Notostomum cyclostomum,annelid,FALSE
Aleutian Islands,Nudibranchia spp.,nudibranchs,FALSE
Aleutian Islands,Octopodidae spp.,octopuses,FALSE
Aleutian Islands,Oncorhynchus keta,chum salmon,FALSE
Aleutian Islands,Ophiopholis aculeata,daisy brittle star,FALSE
Aleutian Islands,Ophiura sarsii,NA,FALSE
Aleutian Islands,Ophiuroidea spp.,brittle stars,FALSE
Aleutian Islands,Opisthoteuthis californiana,flapjack octopus,FALSE
Aleutian Islands,Oregonia gracilis,graceful decorator crab,FALSE
Aleutian Islands,Pagurus aleuticus,Aleutian hermit,FALSE
Aleutian Islands,Pagurus brandti,sponge hermit,FALSE
Aleutian Islands,Pandalopsis dispar,sidestripe shrimp,FALSE
Aleutian Islands,Pandalus eous,Alaskan pink shrimp,FALSE
Aleutian Islands,Pandalus tridens,yellowleg pandalid,FALSE
Aleutian Islands,Paragorgia arborea,bubblegum coral,FALSE
Aleutian Islands,Paralithodes camtschaticus,red king crab,FALSE
Aleutian Islands,Parophrys vetulus,English sole,FALSE
Aleutian Islands,Placetron wosnessenskii,scaled crab,FALSE
Aleutian Islands,Platichthys stellatus,starry flounder,FALSE
Aleutian Islands,Pleurogrammus monopterygius,Atka mackerel,FALSE
Aleutian Islands,Pododesmus macrochisma,green falsejingle,FALSE
Aleutian Islands,Podothecus accipenserinus,sturgeon poacher,FALSE
Aleutian Islands,Polychaeta spp.,polychaetes,FALSE
Aleutian Islands,Polynoidae spp.,scaleworms,FALSE
Aleutian Islands,Porella compressa,NA,FALSE
Aleutian Islands,Porifera spp.,sponges,FALSE
Aleutian Islands,Poromitra curilensis,NA,FALSE
Aleutian Islands,Protomyctophum thompsoni,bigeye lanternfish,FALSE
Aleutian Islands,Pseudarchaster parelii,northern scarlet star,FALSE
Aleutian Islands,Psolus spp.,sea cucumber,FALSE
Aleutian Islands,Pteraster militaris,wrinkled star,FALSE
Aleutian Islands,Pteraster spp.,slime stars,FALSE
Aleutian Islands,Pteraster tesselatus,cushion star,FALSE
Aleutian Islands,Pycnopodia helianthoides,sunflower sea star,FALSE
Aleutian Islands,Rastrinus scutiger,roughskin sculpin,FALSE
Aleutian Islands,Reinhardtius hippoglossoides,Greenland halibut,FALSE
Aleutian Islands,Rhamphostomella costata,NA,FALSE
Aleutian Islands,Rhinolithodes wosnessenskii,rhinoceros crab,FALSE
Aleutian Islands,Rossia pacifica,eastern pacific bobtail,FALSE
Aleutian Islands,Sarritor frenatus,sawback poacher,FALSE
Aleutian Islands,Sclerocrangon boreas,sculptured shrimp,FALSE
Aleutian Islands,Scyphozoa spp.,jellyfishes,FALSE
Aleutian Islands,Sebastes alutus,Pacific ocean perch,FALSE
Aleutian Islands,Sebastes babcocki,redbanded rockfish,FALSE
Aleutian Islands,Sebastes borealis,shortraker rockfish,FALSE
Aleutian Islands,Sebastes polyspinis,northern rockfish,FALSE
Aleutian Islands,Sebastes spp.,rockfishes,FALSE
Aleutian Islands,Sebastes variegatus,harlequin rockfish,FALSE
Aleutian Islands,Sebastolobus alascanus,shortspine thornyhead,FALSE
Aleutian Islands,Sipuncula spp.,peanut worms,FALSE
Aleutian Islands,Solaster hypothrissus,NA,FALSE
Aleutian Islands,Solaster sp.,NA,FALSE
Aleutian Islands,Solaster spp.,sea stars,FALSE
Aleutian Islands,Somniosus pacificus,Pacific sleeper shark,FALSE
Aleutian Islands,Stegophiura ponderosa,sea star,FALSE
Aleutian Islands,Stenobrachius leucopsarus,northern lampfish,FALSE
Aleutian Islands,Stenobrachius sp.,NA,FALSE
Aleutian Islands,Strongylocentrotus droebachiensis,green sea urchin,FALSE
Aleutian Islands,Styela rustica,sea potato,FALSE
Aleutian Islands,Stylaster sp.,NA,FALSE
Aleutian Islands,Thaleichthys pacificus,eulachon,FALSE
Aleutian Islands,Thaliacea spp.,pelagic tunicates,FALSE
Aleutian Islands,Thyriscus anoplus,sponge sculpin,FALSE
Aleutian Islands,Triglops forficatus,scissortail sculpin,FALSE
Aleutian Islands,Triglops macellus,roughspine sculpin,FALSE
Aleutian Islands,Triglops pingelii,ribbed sculpin,FALSE
Aleutian Islands,Triglops scepticus,spectacled sculpin,FALSE
Aleutian Islands,Tunicata spp.,tunicates,FALSE
Aleutian Islands,Volutopsius spp.,true whelks,FALSE
Aleutian Islands,Zaprora silenus,prowfish,FALSE
Canadian Pacific,Actiniaria spp.,anemones,FALSE
Canadian Pacific,Allocentrotus fragilis,fragile urchin,FALSE
Canadian Pacific,Ammodytes personatus,Pacific sandlance,FALSE
Canadian Pacific,Anarrhichthys ocellatus,wolf-eel,FALSE
Canadian Pacific,Anoplopoma fimbria,sablefish,FALSE
Canadian Pacific,Apostichopus californicus,California sea cucumber,FALSE
Canadian Pacific,Apostichopus leukothele,NA,FALSE
Canadian Pacific,Apristurus brunneus,brown cat shark,FALSE
Canadian Pacific,Asterozoa spp.,sea stars,FALSE
Canadian Pacific,Atheresthes stomias,arrowtooth flounder,FALSE
Canadian Pacific,Bathyagonus pentacanthus,bigeye poacher,FALSE
Canadian Pacific,Bathyraja aleutica,Aleutian skate,FALSE
Canadian Pacific,Bathyraja interrupta,sandpaper skate,FALSE
Canadian Pacific,Beringraja binoculata,NA,FALSE
Canadian Pacific,Berryteuthis magister,magister armhook squid,FALSE
Canadian Pacific,Bryozoichthys marjorius,pearly prickleback,FALSE
Canadian Pacific,Careproctus melanurus,blacktail snailfish,FALSE
Canadian Pacific,Cheiraster dawsoni,sea star,FALSE
Canadian Pacific,Chlamys rubida,reddish scallop,FALSE
Canadian Pacific,Citharichthys sordidus,Pacific sanddab,FALSE
Canadian Pacific,Clupea pallasii,Pacific herring,FALSE
Canadian Pacific,Crossaster papposus,common sunstar,FALSE
Canadian Pacific,Ctenodiscus crispatus,mud star,FALSE
Canadian Pacific,Cyanea capillata,lion's mane,FALSE
Canadian Pacific,Cymatogaster aggregata,shiner perch,FALSE
Canadian Pacific,Demospongiae,NA,FALSE
Canadian Pacific,Doryteuthis opalescens,opalescent inshore squid,FALSE
Canadian Pacific,Enteroctopus dofleini,North Pacific giant octopus,FALSE
Canadian Pacific,Eopsetta jordani,petrale sole,FALSE
Canadian Pacific,Fusitriton oregonensis,Oregon triton,FALSE
Canadian Pacific,Gadus chalcogrammus,walleye pollock,FALSE
Canadian Pacific,Gadus macrocephalus,Pacific cod,FALSE
Canadian Pacific,Glyptocephalus zachirus,rex sole,FALSE
Canadian Pacific,Gorgonocephalus eucnemis,basket star,FALSE
Canadian Pacific,Hemitripterus bolini,bigmouth sculpin,FALSE
Canadian Pacific,Hexactinellida spp.,sea sponge,FALSE
Canadian Pacific,Hexagrammos decagrammus,kelp greenling,FALSE
Canadian Pacific,Hippasteria spinosa,spiny star,FALSE
Canadian Pacific,Hippoglossoides elassodon,flathead sole,FALSE
Canadian Pacific,Hippoglossus stenolepis,Pacific halibut,FALSE
Canadian Pacific,Holothuroidea spp.,sea cucumbers,FALSE
Canadian Pacific,Hydrolagus colliei,spotted ratfish,FALSE
Canadian Pacific,Icelinus filamentosus,threadfin sculpin,FALSE
Canadian Pacific,Isopsetta isolepis,butter sole,FALSE
Canadian Pacific,Lopholithodes foraminatus,brown box crab,FALSE
Canadian Pacific,Luidia foliolata,sand star,FALSE
Canadian Pacific,Lumpenus sagitta,snake prickleback,FALSE
Canadian Pacific,Lycodes cortezianus,bigfin eelpout,FALSE
Canadian Pacific,Lycodes diapterus,black eelpout,FALSE
Canadian Pacific,Lycodes pacificus,blackbelly eelpout,FALSE
Canadian Pacific,Lyopsetta exilis,slender sole,FALSE
Canadian Pacific,Mediaster aequalis,Vermilion star,FALSE
Canadian Pacific,Merluccius productus,Pacific hake,FALSE
Canadian Pacific,Metacarcinus magister,Dungeness crab,FALSE
Canadian Pacific,Metridium,NA,FALSE
Canadian Pacific,Microgadus proximus,Pacific tomcod,FALSE
Canadian Pacific,Microstomus pacificus,Dover sole,FALSE
Canadian Pacific,Oncorhynchus keta,chum salmon,FALSE
Canadian Pacific,Oncorhynchus tshawytscha,Chinook salmon,FALSE
Canadian Pacific,Ophiodon elongatus,lingcod,FALSE
Canadian Pacific,Pandalopsis dispar,sidestripe shrimp,FALSE
Canadian Pacific,Pandalus jordani,ocean shrimp,FALSE
Canadian Pacific,Pandalus platyceros,spot shrimp,FALSE
Canadian Pacific,Parophrys vetulus,English sole,FALSE
Canadian Pacific,Pasiphaea pacifica,Pacific glass shrimp,FALSE
Canadian Pacific,Platichthys stellatus,starry flounder,FALSE
Canadian Pacific,Pleuronichthys decurrens,curlfin sole,FALSE
Canadian Pacific,Porifera spp.,sponges,FALSE
Canadian Pacific,Psettichthys melanostictus,Pacific sand sole,FALSE
Canadian Pacific,Pseudostichopus mollis,sea cucumber,FALSE
Canadian Pacific,Pteraster tesselatus,cushion star,FALSE
Canadian Pacific,Pycnopodia helianthoides,sunflower sea star,FALSE
Canadian Pacific,Raja rhina,longnose skate,FALSE
Canadian Pacific,Ronquilus jordani,northern ronquil,FALSE
Canadian Pacific,Rossia pacifica,eastern pacific bobtail,FALSE
Canadian Pacific,Scyphozoa spp.,jellyfishes,FALSE
Canadian Pacific,Sebastes alutus,Pacific ocean perch,FALSE
Canadian Pacific,Sebastes aurora,aurora rockfish,FALSE
Canadian Pacific,Sebastes babcocki,redbanded rockfish,FALSE
Canadian Pacific,Sebastes borealis,shortraker rockfish,FALSE
Canadian Pacific,Sebastes brevispinis,silvergray rockfish,FALSE
Canadian Pacific,Sebastes caurinus,copper rockfish,FALSE
Canadian Pacific,Sebastes crameri,darkblotched rockfish,FALSE
Canadian Pacific,Sebastes diploproa,splitnose rockfish,FALSE
Canadian Pacific,Sebastes elongatus,greenstriped rockfish,FALSE
Canadian Pacific,Sebastes emphaeus,Puget Sound rockfish,FALSE
Canadian Pacific,Sebastes entomelas,widow rockfish,FALSE
Canadian Pacific,Sebastes flavidus,yellowtail rockfish,FALSE
Canadian Pacific,Sebastes helvomaculatus,rosethorn rockfish,FALSE
Canadian Pacific,Sebastes jordani,shortbelly rockfish,FALSE
Canadian Pacific,Sebastes maliger,quillback rockfish,FALSE
Canadian Pacific,Sebastes paucispinis,bocaccio,FALSE
Canadian Pacific,Sebastes pinniger,canary rockfish,FALSE
Canadian Pacific,Sebastes proriger,redstripe rockfish,FALSE
Canadian Pacific,Sebastes reedi,yellowmouth rockfish,FALSE
Canadian Pacific,Sebastes ruberrimus,rasphead rockfish,FALSE
Canadian Pacific,Sebastes saxicola,stripetail rockfish,FALSE
Canadian Pacific,Sebastes variabilis,dusky rockfish,FALSE
Canadian Pacific,Sebastes variegatus,harlequin rockfish,FALSE
Canadian Pacific,Sebastes wilsoni,pygmy rockfish,FALSE
Canadian Pacific,Sebastes zacentrus,sharpchin rockfish,FALSE
Canadian Pacific,Sebastolobus alascanus,shortspine thornyhead,FALSE
Canadian Pacific,Sebastolobus altivelis,longspine thornyhead,FALSE
Canadian Pacific,Squalus suckleyi,Pacific spiny dogfish,FALSE
Canadian Pacific,Stenobrachius leucopsarus,northern lampfish,FALSE
Canadian Pacific,Strongylocentrotus pallidus,NA,TRUE
Canadian Pacific,Stylasterias forreri,velcro star,FALSE
Canadian Pacific,Thaleichthys pacificus,eulachon,FALSE
Canadian Pacific,Tunicata spp.,tunicates,FALSE
Canadian Pacific,Zaprora silenus,prowfish,FALSE
Canadian Pacific,NA,NA,FALSE
Eastern Bering Sea,Actiniaria spp.,anemones,FALSE
Eastern Bering Sea,Aforia circinata,keeled aforia,FALSE
Eastern Bering Sea,Ammodytes sp.,NA,FALSE
Eastern Bering Sea,Anarhichas orientalis,Bering wolffish,FALSE
Eastern Bering Sea,Aphroditidae spp.,sea mice,FALSE
Eastern Bering Sea,Aplidium spp.,ascidians,FALSE
Eastern Bering Sea,Arctomelon stearnsii,Alaska volute,FALSE
Eastern Bering Sea,Argis dentata,Artic argid,FALSE
Eastern Bering Sea,Argis lar,kuro shrimp,FALSE
Eastern Bering Sea,Argis spp.,argid shrimps,FALSE
Eastern Bering Sea,Aspidophoroides monopterygius,Alligatorfish,FALSE
Eastern Bering Sea,Asterias amurensis,North Pacific seastar,FALSE
Eastern Bering Sea,Atheresthes spp.,arrowtooth and Kamchatka flounders,FALSE
Eastern Bering Sea,Bathymaster signatus,searcher,FALSE
Eastern Bering Sea,Bathyraja spp.,roughtail skate,FALSE
Eastern Bering Sea,Beringius behringi,true whelk,FALSE
Eastern Bering Sea,Beringius spp.,true whelks,FALSE
Eastern Bering Sea,Bivalvia spp.,bivalves,FALSE
Eastern Bering Sea,Boltenia ovifera,stalked sea squirt,FALSE
Eastern Bering Sea,Boltenia spp.,sea squirt,FALSE
Eastern Bering Sea,Boreogadus saida,Arctic cod,FALSE
Eastern Bering Sea,Bryozoa spp.,bryozoan shrimp,FALSE
Eastern Bering Sea,Buccinum angulosum,angular whelk,FALSE
Eastern Bering Sea,Buccinum plectrum,sinuous whelk,FALSE
Eastern Bering Sea,Buccinum polare,polar whelk,FALSE
Eastern Bering Sea,Buccinum scalariforme,ladder whelk,FALSE
Eastern Bering Sea,Buccinum spp.,true whelks,FALSE
Eastern Bering Sea,Ceramaster japonicus,red cookie star,FALSE
Eastern Bering Sea,Chionoecetes bairdi,tanner crab,FALSE
Eastern Bering Sea,Chionoecetes opilio,snow crab,FALSE
Eastern Bering Sea,Chionoecetes spp.,snow crabs,FALSE
Eastern Bering Sea,Chirona evermanni,NA,FALSE
Eastern Bering Sea,Chlamys spp.,scallops,FALSE
Eastern Bering Sea,Ciliatoclinocardium ciliatum,NA,FALSE
Eastern Bering Sea,Clinocardium spp.,Nuttall cockle,FALSE
Eastern Bering Sea,Clinopegma magnum,helmet whelk,FALSE
Eastern Bering Sea,Clupea pallasii,Pacific herring,FALSE
Eastern Bering Sea,Colus halli,snail,FALSE
Eastern Bering Sea,Colus herendeenii,thin-ribbed whelk,FALSE
Eastern Bering Sea,Colus spp.,true whelks,FALSE
Eastern Bering Sea,Crangon spp.,shrimps,FALSE
Eastern Bering Sea,Crossaster papposus,common sunstar,FALSE
Eastern Bering Sea,Cryptonatica russa,NA,FALSE
Eastern Bering Sea,Ctenodiscus crispatus,mud star,FALSE
Eastern Bering Sea,Cucumaria fallax,sea cucumber,FALSE
Eastern Bering Sea,Dasycottus setiger,spinyhead sculpin,FALSE
Eastern Bering Sea,Diplopteraster multipes,cushion star,FALSE
Eastern Bering Sea,Echinarachnius parma,common sand dollar,FALSE
Eastern Bering Sea,Eleginus gracilis,saffron cod,FALSE
Eastern Bering Sea,Erimacrus isenbeckii,hair crab,FALSE
Eastern Bering Sea,Eunoe depressa,polychaete worm,FALSE
Eastern Bering Sea,Eunoe nodosa,polychaete worm,FALSE
Eastern Bering Sea,Evasterias echinosoma,sea star,FALSE
Eastern Bering Sea,Flustra serrulata,bryozoan,FALSE
Eastern Bering Sea,Fusitriton oregonensis,Oregon triton,FALSE
Eastern Bering Sea,Gadus chalcogrammus,walleye pollock,FALSE
Eastern Bering Sea,Gadus macrocephalus,Pacific cod,FALSE
Eastern Bering Sea,Gastropoda spp.,gastropods,FALSE
Eastern Bering Sea,Gersemia spp.,sea strawberry,FALSE
Eastern Bering Sea,Glebocarcinus oregonensis,pygmy rock crab,FALSE
Eastern Bering Sea,Glyptocephalus zachirus,rex sole,FALSE
Eastern Bering Sea,Gorgonocephalus eucnemis,basket star,FALSE
Eastern Bering Sea,Grandicrepidula grandis,NA,FALSE
Eastern Bering Sea,Gymnocanthus galeatus,armorhead sculpin,FALSE
Eastern Bering Sea,Gymnocanthus pistilliger,threaded sculpin,FALSE
Eastern Bering Sea,Halocynthia aurantium,sea peach,FALSE
Eastern Bering Sea,Halocynthia spp.,tunicates,FALSE
Eastern Bering Sea,Hemilepidotus jordani,yellow Irish lord,FALSE
Eastern Bering Sea,Hemilepidotus papilio,butterfly sculpin,FALSE
Eastern Bering Sea,Hemitripterus bolini,bigmouth sculpin,FALSE
Eastern Bering Sea,Henricia spp.,sea star,FALSE
Eastern Bering Sea,Hexagrammos stelleri,whitespotted greenling,FALSE
Eastern Bering Sea,Hippoglossoides spp.,flounders,FALSE
Eastern Bering Sea,Hippoglossus stenolepis,Pacific halibut,FALSE
Eastern Bering Sea,Holothuroidea spp.,sea cucumbers,FALSE
Eastern Bering Sea,Hyas coarctatus,Arctic lyre crab,FALSE
Eastern Bering Sea,Hyas lyratus,Pacific lyre crab,FALSE
Eastern Bering Sea,Hydroidolina,NA,FALSE
Eastern Bering Sea,Icelus spiniger,thorny sculpin,FALSE
Eastern Bering Sea,Isopsetta isolepis,butter sole,FALSE
Eastern Bering Sea,Lepidopsetta spp.,rock soles,FALSE
Eastern Bering Sea,Leptasterias arctica,sea star,FALSE
Eastern Bering Sea,Leptasterias polaris,polar six-rayed star,FALSE
Eastern Bering Sea,Leptasterias spp.,six-rayed sea stars,FALSE
Eastern Bering Sea,Leptoclinus maculatus,Daubed shanny,FALSE
Eastern Bering Sea,Lethasterias nanimensis,black spined star,FALSE
Eastern Bering Sea,Limanda aspera,yellowfin sole,FALSE
Eastern Bering Sea,Limanda proboscidea,longhead dab,FALSE
Eastern Bering Sea,Limanda sakhalinensis,Sakhalin sole,FALSE
Eastern Bering Sea,Liparis spp.,snailfishes,FALSE
Eastern Bering Sea,Lunatia pallida,NA,FALSE
Eastern Bering Sea,Lycodes brevipes,shortfin eelpout,FALSE
Eastern Bering Sea,Lycodes palearis,wattled eelpout,FALSE
Eastern Bering Sea,Lycodes raridens,sparse-toothed lycod,FALSE
Eastern Bering Sea,Macoma spp.,tellins,FALSE
Eastern Bering Sea,Mactromeris polynyma,Arctic surfclam,FALSE
Eastern Bering Sea,Malacocottus zonurus,darkfin sculpin,FALSE
Eastern Bering Sea,Mallotus villosus,capelin,FALSE
Eastern Bering Sea,Metridium spp.,plumose anemones,FALSE
Eastern Bering Sea,Microstomus pacificus,Dover sole,FALSE
Eastern Bering Sea,Modiolus modiolus,northern horsemussel,FALSE
Eastern Bering Sea,Musculus discors,discordant mussel,FALSE
Eastern Bering Sea,Myoxocephalus spp.,daddy sculpins,FALSE
Eastern Bering Sea,Neptunea borealis,true whelk,FALSE
Eastern Bering Sea,Neptunea heros,true whelk,FALSE
Eastern Bering Sea,Neptunea lyrata,lyre whelk,FALSE
Eastern Bering Sea,Neptunea pribiloffensis,Pribilof whelk,FALSE
Eastern Bering Sea,Neptunea spp.,true whelks,FALSE
Eastern Bering Sea,Neptunea ventricosa,fat whelk,FALSE
Eastern Bering Sea,Nudibranchia spp.,nudibranchs,FALSE
Eastern Bering Sea,Occella dodecaedron,Bering poacher,FALSE
Eastern Bering Sea,Octopodidae spp.,octopuses,FALSE
Eastern Bering Sea,Oncorhynchus keta,chum salmon,FALSE
Eastern Bering Sea,Ophiura sarsii,NA,FALSE
Eastern Bering Sea,Ophiuroidea spp.,brittle stars,FALSE
Eastern Bering Sea,Oregonia gracilis,graceful decorator crab,FALSE
Eastern Bering Sea,Osmerus mordax,rainbow smelt,FALSE
Eastern Bering Sea,Paguridae spp.,right-handed hermit crabs,FALSE
Eastern Bering Sea,Pagurus aleuticus,Aleutian hermit,FALSE
Eastern Bering Sea,Pagurus ochotensis,Alaskan hermit crab,FALSE
Eastern Bering Sea,Pandalus eous,Alaskan pink shrimp,FALSE
Eastern Bering Sea,Pandalus goniurus,humpy shrimp,FALSE
Eastern Bering Sea,Paralithodes camtschaticus,red king crab,FALSE
Eastern Bering Sea,Paralithodes platypus,blue king crab,FALSE
Eastern Bering Sea,Patinopecten caurinus,weathervane scallop,FALSE
Eastern Bering Sea,Pennatulacea spp.,sea panzies,FALSE
Eastern Bering Sea,Platichthys stellatus,starry flounder,FALSE
Eastern Bering Sea,Pleurogrammus monopterygius,Atka mackerel,FALSE
Eastern Bering Sea,Pleuronectes quadrituberculatus,Alaska plaice,FALSE
Eastern Bering Sea,Plicifusus kroeyeri,true whelk,FALSE
Eastern Bering Sea,Plicifusus sp.,NA,FALSE
Eastern Bering Sea,Pododesmus macrochisma,green falsejingle,FALSE
Eastern Bering Sea,Podothecus accipenserinus,sturgeon poacher,FALSE
Eastern Bering Sea,Polychaeta spp.,polychaetes,FALSE
Eastern Bering Sea,Porifera spp.,sponges,FALSE
Eastern Bering Sea,Poroclinus rothrocki,whitebarred prickleback,FALSE
Eastern Bering Sea,Pseudarchaster parelii,northern scarlet star,FALSE
Eastern Bering Sea,Psolus spp.,sea cucumber,FALSE
Eastern Bering Sea,Pteraster obscurus,obscure cushion star,FALSE
Eastern Bering Sea,Pteraster spp.,slime stars,FALSE
Eastern Bering Sea,Pteraster tesselatus,cushion star,FALSE
Eastern Bering Sea,Pyrulofusus deformis,warped whelk,FALSE
Eastern Bering Sea,Pyrulofusus melonis,melon shaped whelk,FALSE
Eastern Bering Sea,Reinhardtius hippoglossoides,Greenland halibut,FALSE
Eastern Bering Sea,Rossia pacifica,eastern pacific bobtail,FALSE
Eastern Bering Sea,Sarritor frenatus,sawback poacher,FALSE
Eastern Bering Sea,Scyphozoa spp.,jellyfishes,FALSE
Eastern Bering Sea,Sebastes alutus,Pacific ocean perch,FALSE
Eastern Bering Sea,Sebastes polyspinis,northern rockfish,FALSE
Eastern Bering Sea,Serripes groenlandicus,Greenland cockle,FALSE
Eastern Bering Sea,Serripes spp.,cockle,FALSE
Eastern Bering Sea,Siliqua alta,Alaska razor,FALSE
Eastern Bering Sea,Sipuncula spp.,peanut worms,FALSE
Eastern Bering Sea,Solaster spp.,sea stars,FALSE
Eastern Bering Sea,Strongylocentrotus droebachiensis,green sea urchin,FALSE
Eastern Bering Sea,Styela rustica,sea potato,FALSE
Eastern Bering Sea,Tellina lutea,Alaska great tellin,FALSE
Eastern Bering Sea,Telmessus cheiragonus,helmet crab,FALSE
Eastern Bering Sea,Thaleichthys pacificus,eulachon,FALSE
Eastern Bering Sea,Thoracica spp.,barnacles,FALSE
Eastern Bering Sea,Trichodon trichodon,Pacific sandfish,FALSE
Eastern Bering Sea,Triglops pingelii,ribbed sculpin,FALSE
Eastern Bering Sea,Triglops scepticus,spectacled sculpin,FALSE
Eastern Bering Sea,Tritonia diomedea,rosy tritonia,FALSE
Eastern Bering Sea,Tunicata spp.,tunicates,FALSE
Eastern Bering Sea,Urticina sp.,NA,FALSE
Eastern Bering Sea,Volutopsius fragilis,fragile whelk,FALSE
Eastern Bering Sea,Volutopsius spp.,true whelks,FALSE
Eastern Bering Sea,Zaprora silenus,prowfish,FALSE
Gulf of Alaska,Acantholithodes hispidus,spiny lithode crab,FALSE
Gulf of Alaska,Actiniaria spp.,anemones,FALSE
Gulf of Alaska,Allocentrotus fragilis,fragile urchin,FALSE
Gulf of Alaska,Ammodytes sp.,NA,FALSE
Gulf of Alaska,Anarhichas orientalis,Bering wolffish,FALSE
Gulf of Alaska,Anarrhichthys ocellatus,wolf-eel,FALSE
Gulf of Alaska,Anoplopoma fimbria,sablefish,FALSE
Gulf of Alaska,Aphrocallistes vastus,cloud sponge,FALSE
Gulf of Alaska,Aphroditidae spp.,sea mice,FALSE
Gulf of Alaska,Apostichopus californicus,California sea cucumber,FALSE
Gulf of Alaska,Aptocyclus ventricosus,smooth lumpsucker,FALSE
Gulf of Alaska,Arctomelon stearnsii,Alaska volute,FALSE
Gulf of Alaska,Argis dentata,Artic argid,FALSE
Gulf of Alaska,Argis spp.,argid shrimps,FALSE
Gulf of Alaska,Asterias amurensis,North Pacific seastar,FALSE
Gulf of Alaska,Asterozoa spp.,sea stars,FALSE
Gulf of Alaska,Atheresthes stomias,arrowtooth flounder,FALSE
Gulf of Alaska,Balanus spp.,barnacle,FALSE
Gulf of Alaska,Bathyagonus nigripinnis,blackfin poacher,FALSE
Gulf of Alaska,Bathyagonus pentacanthus,bigeye poacher,FALSE
Gulf of Alaska,Bathymaster signatus,searcher,FALSE
Gulf of Alaska,Bathyplotes spp.,sea cucumber,FALSE
Gulf of Alaska,Bathyraja spp.,roughtail skate,FALSE
Gulf of Alaska,Benthoctopus leioderma,smoothskin octopus,FALSE
Gulf of Alaska,Beringraja binoculata,NA,FALSE
Gulf of Alaska,Berryteuthis magister,magister armhook squid,FALSE
Gulf of Alaska,Bivalvia spp.,bivalves,FALSE
Gulf of Alaska,Bothrocara pusillum,Alaska eelpout,FALSE
Gulf of Alaska,Brachiopoda spp.,brachiopods,FALSE
Gulf of Alaska,Brisaster latifrons,sea urchin,FALSE
Gulf of Alaska,Bryozoa spp.,bryozoan shrimp,FALSE
Gulf of Alaska,Buccinum plectrum,sinuous whelk,FALSE
Gulf of Alaska,Buccinum spp.,true whelks,FALSE
Gulf of Alaska,Careproctus melanurus,blacktail snailfish,FALSE
Gulf of Alaska,Careproctus spp.,snailfishes,FALSE
Gulf of Alaska,Ceramaster patagonicus,cookie star,FALSE
Gulf of Alaska,Ceramaster spp.,cookie star,FALSE
Gulf of Alaska,Chauliodontinae spp.,viperfishes,FALSE
Gulf of Alaska,Chauliodus macouni,Pacific viperfish,FALSE
Gulf of Alaska,Cheiraster dawsoni,sea star,FALSE
Gulf of Alaska,Chionoecetes bairdi,tanner crab,FALSE
Gulf of Alaska,Chionoecetes tanneri,grooved Tanner crab,FALSE
Gulf of Alaska,Chirona evermanni,NA,FALSE
Gulf of Alaska,Chlamys rubida,reddish scallop,FALSE
Gulf of Alaska,Chlamys spp.,scallops,FALSE
Gulf of Alaska,Chorilia longipes,longhorn decorator crab,FALSE
Gulf of Alaska,Cidarina cidaris,NA,FALSE
Gulf of Alaska,Ciliatoclinocardium ciliatum,NA,FALSE
Gulf of Alaska,Citharichthys sordidus,Pacific sanddab,FALSE
Gulf of Alaska,Clinocardium spp.,Nuttall cockle,FALSE
Gulf of Alaska,Clupea pallasii,Pacific herring,FALSE
Gulf of Alaska,Coryphaenoides acrolepis,Pacific grenadier,FALSE
Gulf of Alaska,Coryphaenoides cinereus,Popeye grenadier,FALSE
Gulf of Alaska,Coryphaenoides pectoralis,NA,FALSE
Gulf of Alaska,Crangon communis,gray shrimp,FALSE
Gulf of Alaska,Crangon dalli,ridged crangon,FALSE
Gulf of Alaska,Crangon spp.,shrimps,FALSE
Gulf of Alaska,Crossaster borealis,grooved sun star,FALSE
Gulf of Alaska,Crossaster papposus,common sunstar,FALSE
Gulf of Alaska,Crossaster spp.,sunstar,FALSE
Gulf of Alaska,Cryptacanthodes giganteus,giant wrymouth,FALSE
Gulf of Alaska,Ctenodiscus crispatus,mud star,FALSE
Gulf of Alaska,Ctenophora,NA,FALSE
Gulf of Alaska,Cucumaria fallax,sea cucumber,FALSE
Gulf of Alaska,Cyanea capillata,lion's mane,FALSE
Gulf of Alaska,Dasycottus setiger,spinyhead sculpin,FALSE
Gulf of Alaska,Decapodiformes spp.,squids,FALSE
Gulf of Alaska,Diplopteraster multipes,cushion star,FALSE
Gulf of Alaska,Dipsacaster borealis,northern sand star,FALSE
Gulf of Alaska,Doris odhneri,NA,TRUE
Gulf of Alaska,Echinacea spp.,sea urchin,FALSE
Gulf of Alaska,Echinarachnius parma,common sand dollar,FALSE
Gulf of Alaska,Elassochirus cavimanus,purple hermit,FALSE
Gulf of Alaska,Elassochirus gilli,Pacific red hermit,FALSE
Gulf of Alaska,Elassochirus tenuimanus,widehand hermit,FALSE
Gulf of Alaska,Embassichthys bathybius,Deep-sea sole,FALSE
Gulf of Alaska,Enteroctopus dofleini,North Pacific giant octopus,FALSE
Gulf of Alaska,Eopsetta jordani,petrale sole,FALSE
Gulf of Alaska,Eumicrotremus orbis,Pacific spiny lumpsucker,FALSE
Gulf of Alaska,Evasterias echinosoma,sea star,FALSE
Gulf of Alaska,Evasterias troschelii,mottled star,FALSE
Gulf of Alaska,Fanellia compressa,NA,FALSE
Gulf of Alaska,Fusitriton oregonensis,Oregon triton,FALSE
Gulf of Alaska,Gadus chalcogrammus,walleye pollock,FALSE
Gulf of Alaska,Gadus macrocephalus,Pacific cod,FALSE
Gulf of Alaska,Gastropoda spp.,gastropods,FALSE
Gulf of Alaska,Gephyreaster swifti,Gunpowder Star,FALSE
Gulf of Alaska,Glebocarcinus oregonensis,pygmy rock crab,FALSE
Gulf of Alaska,Glyptocephalus zachirus,rex sole,FALSE
Gulf of Alaska,Gorgonocephalus eucnemis,basket star,FALSE
Gulf of Alaska,Gymnocanthus galeatus,armorhead sculpin,FALSE
Gulf of Alaska,Halichondria panicea,breadcrumb sponge,FALSE
Gulf of Alaska,Halocynthia aurantium,sea peach,FALSE
Gulf of Alaska,Hemilepidotus hemilepidotus,red Irish lord,FALSE
Gulf of Alaska,Hemilepidotus jordani,yellow Irish lord,FALSE
Gulf of Alaska,Hemitripterus bolini,bigmouth sculpin,FALSE
Gulf of Alaska,Henricia leviuscula,Pacific blood star,FALSE
Gulf of Alaska,Henricia spp.,sea star,FALSE
Gulf of Alaska,Hexactinellida spp.,sea sponge,FALSE
Gulf of Alaska,Hexagrammos decagrammus,kelp greenling,FALSE
Gulf of Alaska,Hexagrammos stelleri,whitespotted greenling,FALSE
Gulf of Alaska,Hippasteria phrygiana,trojan star,FALSE
Gulf of Alaska,Hippasteria sp.,NA,FALSE
Gulf of Alaska,Hippoglossoides elassodon,flathead sole,FALSE
Gulf of Alaska,Hippoglossus stenolepis,Pacific halibut,FALSE
Gulf of Alaska,Histodermella kagigunensis,NA,FALSE
Gulf of Alaska,Holothuroidea spp.,sea cucumbers,FALSE
Gulf of Alaska,Hyas lyratus,Pacific lyre crab,FALSE
Gulf of Alaska,Hydroidolina,NA,FALSE
Gulf of Alaska,Hydrolagus colliei,spotted ratfish,FALSE
Gulf of Alaska,Icelus spiniger,thorny sculpin,FALSE
Gulf of Alaska,Isopoda spp.,"pill bugs, wood lice and sea slaters",FALSE
Gulf of Alaska,Isopsetta isolepis,butter sole,FALSE
Gulf of Alaska,Labidochirus splendescens,splendid hermit,FALSE
Gulf of Alaska,Lampanyctus sp.,NA,FALSE
Gulf of Alaska,Laqueus californianus,California lamp shell,FALSE
Gulf of Alaska,Lebbeus groenlandicus,spiny lebbeid,FALSE
Gulf of Alaska,Lepidopsetta spp.,rock soles,FALSE
Gulf of Alaska,Leptasterias hylodes,NA,FALSE
Gulf of Alaska,Leptasterias spp.,six-rayed sea stars,FALSE
Gulf of Alaska,Leptoclinus maculatus,Daubed shanny,FALSE
Gulf of Alaska,Lethasterias nanimensis,black spined star,FALSE
Gulf of Alaska,Leuroglossus schmidti,northern smoothtongue,FALSE
Gulf of Alaska,Limanda aspera,yellowfin sole,FALSE
Gulf of Alaska,Liparidae spp.,snailfishes,FALSE
Gulf of Alaska,Liponema brevicornis,tentacle shedding anemone,FALSE
Gulf of Alaska,Lithodes aequispinus,golden king crab,FALSE
Gulf of Alaska,Lithodes couesi,scarlet king crab,FALSE
Gulf of Alaska,Lopholithodes foraminatus,brown box crab,FALSE
Gulf of Alaska,Luidia foliolata,sand star,TRUE
Gulf of Alaska,Lumpenella longirostris,longsnout prickleback,FALSE
Gulf of Alaska,Lumpenus sagitta,snake prickleback,FALSE
Gulf of Alaska,Lycodes beringi,Bering eelpout,FALSE
Gulf of Alaska,Lycodes brevipes,shortfin eelpout,FALSE
Gulf of Alaska,Lycodes pacificus,blackbelly eelpout,FALSE
Gulf of Alaska,Lycodes palearis,wattled eelpout,FALSE
Gulf of Alaska,Lyopsetta exilis,slender sole,FALSE
Gulf of Alaska,Malacocottus zonurus,darkfin sculpin,FALSE
Gulf of Alaska,Mallotus villosus,capelin,FALSE
Gulf of Alaska,Mediaster aequalis,Vermilion star,FALSE
Gulf of Alaska,Merluccius productus,Pacific hake,FALSE
Gulf of Alaska,Metacarcinus magister,dungeness crab,FALSE
Gulf of Alaska,Metridium spp.,plumose anemones,FALSE
Gulf of Alaska,Microgadus proximus,Pacific tomcod,FALSE
Gulf of Alaska,Microstomus pacificus,Dover sole,FALSE
Gulf of Alaska,Modiolus modiolus,northern horsemussel,TRUE
Gulf of Alaska,Molpadia intermedia,sea cucumber,FALSE
Gulf of Alaska,Monanchora pulchra,NA,FALSE
Gulf of Alaska,Munida quadrispina,squat lobster,FALSE
Gulf of Alaska,Mycale loveni,tree sponge,FALSE
Gulf of Alaska,Myctophidae spp.,lanternfishes,FALSE
Gulf of Alaska,Myoxocephalus spp.,daddy sculpins,FALSE
Gulf of Alaska,Neptunea amianta,true whelk,FALSE
Gulf of Alaska,Neptunea lyrata,lyre whelk,FALSE
Gulf of Alaska,Neptunea pribiloffensis,Pribilof whelk,TRUE
Gulf of Alaska,Neptunea spp.,true whelks,FALSE
Gulf of Alaska,Notostomum cyclostomum,annelid,FALSE
Gulf of Alaska,Nudibranchia spp.,nudibranchs,FALSE
Gulf of Alaska,Octopodidae spp.,octopuses,FALSE
Gulf of Alaska,Oncorhynchus gorbuscha,pink salmon,FALSE
Gulf of Alaska,Oncorhynchus keta,chum salmon,FALSE
Gulf of Alaska,Oncorhynchus kisutch,coho salmon,FALSE
Gulf of Alaska,Oncorhynchus nerka,sockeye salmon,FALSE
Gulf of Alaska,Oncorhynchus tshawytscha,Chinook salmon,FALSE
Gulf of Alaska,Ophiodon elongatus,lingcod,FALSE
Gulf of Alaska,Ophiopholis aculeata,daisy brittle star,FALSE
Gulf of Alaska,Ophiopholis sp.,NA,FALSE
Gulf of Alaska,Ophiura sarsii,NA,FALSE
Gulf of Alaska,Ophiuroidea spp.,brittle stars,FALSE
Gulf of Alaska,Opisthoteuthis californiana,flapjack octopus,FALSE
Gulf of Alaska,Oregonia gracilis,graceful decorator crab,FALSE
Gulf of Alaska,Orthasterias koehleri,rainbow star,FALSE
Gulf of Alaska,Osmeridae spp.,smelts,FALSE
Gulf of Alaska,Paguridae spp.,right-handed hermit crabs,FALSE
Gulf of Alaska,Pagurus aleuticus,Aleutian hermit,FALSE
Gulf of Alaska,Pagurus brandti,sponge hermit,FALSE
Gulf of Alaska,Pagurus capillatus,fuzzy hermit crab,FALSE
Gulf of Alaska,Pagurus confragosus,knobbyhand hermit,FALSE
Gulf of Alaska,Pagurus kennerlyi,bluespine hermit,FALSE
Gulf of Alaska,Pagurus ochotensis,Alaskan hermit crab,TRUE
Gulf of Alaska,Pagurus rathbuni,longfinger hermit,FALSE
Gulf of Alaska,Pagurus spp.,hermit crabs,FALSE
Gulf of Alaska,Pagurus tanneri,longhand hermit,FALSE
Gulf of Alaska,Pagurus trigonocheirus,fuzzy hermit,FALSE
Gulf of Alaska,Pandalopsis dispar,sidestripe shrimp,FALSE
Gulf of Alaska,Pandalus eous,Alaskan pink shrimp,FALSE
Gulf of Alaska,Pandalus hypsinotus,coonstriped shrimp,FALSE
Gulf of Alaska,Pandalus jordani,ocean shrimp,FALSE
Gulf of Alaska,Pandalus platyceros,spot shrimp,FALSE
Gulf of Alaska,Pandalus spp.,shrimp,FALSE
Gulf of Alaska,Pandalus tridens,yellowleg pandalid,FALSE
Gulf of Alaska,Paraliparis dactylosus,Red snailfish,FALSE
Gulf of Alaska,Paralithodes camtschaticus,red king crab,FALSE
Gulf of Alaska,Parophrys vetulus,English sole,FALSE
Gulf of Alaska,Pasiphaea pacifica,Pacific glass shrimp,FALSE
Gulf of Alaska,Patinopecten caurinus,weathervane scallop,FALSE
Gulf of Alaska,Pennatulacea spp.,sea panzies,FALSE
Gulf of Alaska,Placetron wosnessenskii,scaled crab,FALSE
Gulf of Alaska,Platichthys stellatus,starry flounder,FALSE
Gulf of Alaska,Pleurogrammus monopterygius,Atka mackerel,FALSE
Gulf of Alaska,Pleuronectes quadrituberculatus,Alaska plaice,FALSE
Gulf of Alaska,Pododesmus macrochisma,green falsejingle,FALSE
Gulf of Alaska,Podothecus accipenserinus,sturgeon poacher,FALSE
Gulf of Alaska,Polychaeta spp.,polychaetes,FALSE
Gulf of Alaska,Polyplacophora spp.,chitons,FALSE
Gulf of Alaska,Poraniopsis inflata,spiny sea star,FALSE
Gulf of Alaska,Porifera spp.,sponges,FALSE
Gulf of Alaska,Poroclinus rothrocki,whitebarred prickleback,FALSE
Gulf of Alaska,Psettichthys melanostictus,Pacific sand sole,FALSE
Gulf of Alaska,Pseudarchaster parelii,northern scarlet star,FALSE
Gulf of Alaska,Pseudostichopus mollis,sea cucumber,FALSE
Gulf of Alaska,Psolus spp.,sea cucumber,FALSE
Gulf of Alaska,Pteraster militaris,wrinkled star,FALSE
Gulf of Alaska,Pteraster spp.,slime stars,FALSE
Gulf of Alaska,Pteraster tesselatus,cushion star,TRUE
Gulf of Alaska,Ptilosarcus gurneyi,Gurney's sea pen,FALSE
Gulf of Alaska,Pycnopodia helianthoides,sunflower sea star,FALSE
Gulf of Alaska,Pyrulofusus harpa,left-hand whelk,FALSE
Gulf of Alaska,Raja rhina,longnose skate,FALSE
Gulf of Alaska,Rhabdocalyptus sp.,NA,FALSE
Gulf of Alaska,Rhamphocottus richardsoni,grunt sculpin,FALSE
Gulf of Alaska,Rhinolithodes wosnessenskii,rhinoceros crab,FALSE
Gulf of Alaska,Rossia pacifica,eastern pacific bobtail,FALSE
Gulf of Alaska,Sarritor frenatus,sawback poacher,FALSE
Gulf of Alaska,Scyphozoa spp.,jellyfishes,FALSE
Gulf of Alaska,Sebastes alutus,Pacific ocean perch,FALSE
Gulf of Alaska,Sebastes babcocki,redbanded rockfish,FALSE
Gulf of Alaska,Sebastes borealis,shortraker rockfish,FALSE
Gulf of Alaska,Sebastes brevispinis,silvergray rockfish,FALSE
Gulf of Alaska,Sebastes ciliatus,Dusky rockfish,FALSE
Gulf of Alaska,Sebastes crameri,darkblotched rockfish,FALSE
Gulf of Alaska,Sebastes diploproa,splitnose rockfish,FALSE
Gulf of Alaska,Sebastes elongatus,greenstriped rockfish,FALSE
Gulf of Alaska,Sebastes entomelas,widow rockfish,FALSE
Gulf of Alaska,Sebastes flavidus,yellowtail rockfish,FALSE
Gulf of Alaska,Sebastes helvomaculatus,rosethorn rockfish,FALSE
Gulf of Alaska,Sebastes maliger,quillback rockfish,FALSE
Gulf of Alaska,Sebastes melanops,black rockfish,FALSE
Gulf of Alaska,Sebastes pinniger,canary rockfish,FALSE
Gulf of Alaska,Sebastes polyspinis,northern rockfish,FALSE
Gulf of Alaska,Sebastes proriger,redstripe rockfish,FALSE
Gulf of Alaska,Sebastes reedi,yellowmouth rockfish,FALSE
Gulf of Alaska,Sebastes ruberrimus,rasphead rockfish,FALSE
Gulf of Alaska,Sebastes spp.,rockfishes,FALSE
Gulf of Alaska,Sebastes variabilis,dusky rockfish,FALSE
Gulf of Alaska,Sebastes variegatus,harlequin rockfish,FALSE
Gulf of Alaska,Sebastes wilsoni,pygmy rockfish,FALSE
Gulf of Alaska,Sebastes zacentrus,sharpchin rockfish,FALSE
Gulf of Alaska,Sebastolobus alascanus,shortspine thornyhead,FALSE
Gulf of Alaska,Serripes groenlandicus,Greenland cockle,FALSE
Gulf of Alaska,Sipuncula spp.,peanut worms,FALSE
Gulf of Alaska,Solaster spp.,sea stars,FALSE
Gulf of Alaska,Solaster stimpsoni,Stimpson's sun star,FALSE
Gulf of Alaska,Somniosus pacificus,Pacific sleeper shark,FALSE
Gulf of Alaska,Spirinchus thaleichthys,longfin smelt,FALSE
Gulf of Alaska,Squalus suckleyi,Pacific spiny dogfish,FALSE
Gulf of Alaska,Stegophiura ponderosa,sea star,FALSE
Gulf of Alaska,Stenobrachius leucopsarus,northern lampfish,FALSE
Gulf of Alaska,Stenobrachius sp.,NA,FALSE
Gulf of Alaska,Stomphia sp.,NA,FALSE
Gulf of Alaska,Strongylocentrotus droebachiensis,green sea urchin,FALSE
Gulf of Alaska,Styela rustica,sea potato,FALSE
Gulf of Alaska,Stylaster sp.,NA,FALSE
Gulf of Alaska,Stylasterias forreri,velcro star,FALSE
Gulf of Alaska,Suberites sp.,NA,TRUE
Gulf of Alaska,Tactostoma macropus,longfin dragonfish,FALSE
Gulf of Alaska,Terebratalia transversa,common lamp shell,FALSE
Gulf of Alaska,Tethya sp.,NA,FALSE
Gulf of Alaska,Thaleichthys pacificus,eulachon,FALSE
Gulf of Alaska,Thaliacea spp.,pelagic tunicates,FALSE
Gulf of Alaska,Thoracica spp.,barnacles,FALSE
Gulf of Alaska,Tochuina gigantea,NA,FALSE
Gulf of Alaska,Trichodon trichodon,Pacific sandfish,FALSE
Gulf of Alaska,Triglops forficatus,scissortail sculpin,FALSE
Gulf of Alaska,Triglops macellus,roughspine sculpin,FALSE
Gulf of Alaska,Triglops pingelii,ribbed sculpin,FALSE
Gulf of Alaska,Triglops scepticus,spectacled sculpin,FALSE
Gulf of Alaska,Tritonia spp.,nudibranch,FALSE
Gulf of Alaska,Tunicata spp.,tunicates,FALSE
Gulf of Alaska,Yoldia sp.,NA,FALSE
Gulf of Alaska,Zaprora silenus,prowfish,FALSE
Gulf of Mexico,Achelous spinicarpus,longspine swimming crab,FALSE
Gulf of Mexico,Achelous spinimanus,blotched swimming crab,FALSE
Gulf of Mexico,Aluterus schoepfii,Orange filefish,FALSE
Gulf of Mexico,Amusium papyraceum,paper scallop,FALSE
Gulf of Mexico,Anadara baughmani,skewed ark,FALSE
Gulf of Mexico,Anasimus latus,stilt spider crab,FALSE
Gulf of Mexico,Anchoa hepsetus,striped anchovy,FALSE
Gulf of Mexico,Anchoa mitchilli,bay anchovy,FALSE
Gulf of Mexico,Ancylopsetta dilecta,three-eye flounder,FALSE
Gulf of Mexico,Ancylopsetta ommata,ocellated flounder,FALSE
Gulf of Mexico,Antennarius radiosus,singlespot frogfish,FALSE
Gulf of Mexico,Aplysia,NA,FALSE
Gulf of Mexico,Arenaeus cribrarius,speckled swimming crab,FALSE
Gulf of Mexico,Argopecten gibbus,Calico scallop,FALSE
Gulf of Mexico,Ariopsis felis,hardhead catfish,FALSE
Gulf of Mexico,Aurelia spp.,moon jellies,FALSE
Gulf of Mexico,Bagre marinus,Gafftopsail catfish,FALSE
Gulf of Mexico,Bairdiella chrysoura,silver perch,FALSE
Gulf of Mexico,Balistes capriscus,gray triggerfish,FALSE
Gulf of Mexico,Bathyanthias mexicanus,Yellowtail bass,FALSE
Gulf of Mexico,Bellator militaris,horned searobin,FALSE
Gulf of Mexico,Bollmannia communis,ragged goby,FALSE
Gulf of Mexico,Bothus,NA,FALSE
Gulf of Mexico,Bregmaceros atlanticus,antenna codlet,FALSE
Gulf of Mexico,Brevoortia patronus,Gulf menhaden,FALSE
Gulf of Mexico,Brotula barbata,bearded brotula,FALSE
Gulf of Mexico,Calappa flammea,flame box crab,FALSE
Gulf of Mexico,Calappa sulcata,yellow box crab,FALSE
Gulf of Mexico,Callinectes sapidus,blue crab,FALSE
Gulf of Mexico,Callinectes similis,lesser blue crab,FALSE
Gulf of Mexico,Caranx crysos,blue runner,FALSE
Gulf of Mexico,Caulolatilus intermedius,anchor tilefish,FALSE
Gulf of Mexico,Centropristis ocyurus,Bank sea bass,FALSE
Gulf of Mexico,Centropristis philadelphica,rock sea bass,FALSE
Gulf of Mexico,Chaetodipterus faber,Atlantic spadefish,FALSE
Gulf of Mexico,Chilomycterus schoepfii,striped burrfish,FALSE
Gulf of Mexico,Chloroscombrus chrysurus,Atlantic bumper,FALSE
Gulf of Mexico,Chrysaora quinquecirrha,sea nettle,FALSE
Gulf of Mexico,Citharichthys macrops,spotted whiff,FALSE
Gulf of Mexico,Citharichthys spilopterus,bay whiff,FALSE
Gulf of Mexico,Clypeaster,NA,FALSE
Gulf of Mexico,Cyclopsetta chittendeni,Mexican flounder,FALSE
Gulf of Mexico,Cyclopsetta fimbriata,Spotfin flounder,FALSE
Gulf of Mexico,Cynoscion spp.,weakfishes,FALSE
Gulf of Mexico,Decapterus punctatus,round scad,FALSE
Gulf of Mexico,Decodon puellaris,Red hogfish,FALSE
Gulf of Mexico,Diplectrum bivittatum,dwarf sand perch,FALSE
Gulf of Mexico,Diplectrum formosum,sand perch,FALSE
Gulf of Mexico,Distorsio clathrata,Atlantic distorsio,FALSE
Gulf of Mexico,Echeneis naucrates,sharksucker,FALSE
Gulf of Mexico,Engyophrys senta,spiny flounder,FALSE
Gulf of Mexico,Etropus crossotus,fringed flounder,FALSE
Gulf of Mexico,Etrumeus teres,round herring,FALSE
Gulf of Mexico,Eucinostomus gula,silver jenny,FALSE
Gulf of Mexico,Gymnachirus texae,fringed sole,FALSE
Gulf of Mexico,Gymnothorax nigromarginatus,Blackedge moray,FALSE
Gulf of Mexico,Gymnothorax saxicola,Honeycomb moray,FALSE
Gulf of Mexico,Haemulon aurolineatum,tomtate,FALSE
Gulf of Mexico,Halieutichthys aculeatus,pancake batfish,FALSE
Gulf of Mexico,Harengula jaguana,scaled sardine,FALSE
Gulf of Mexico,Hepatus epheliticus,calico box crab,FALSE
Gulf of Mexico,Hippocampus erectus,lined seahorse,FALSE
Gulf of Mexico,Hoplunnis macrura,freckled pike-conger,FALSE
Gulf of Mexico,Kathetostoma albigutta,lancer stargazer,FALSE
Gulf of Mexico,Lagocephalus laevigatus,smooth puffer,FALSE
Gulf of Mexico,Lagodon rhomboides,pinfish,FALSE
Gulf of Mexico,Larimus fasciatus,banded drum,FALSE
Gulf of Mexico,Leiolambrus nitidus,white elbow crab,FALSE
Gulf of Mexico,Leiostomus xanthurus,spot,FALSE
Gulf of Mexico,Lepophidium brevibarbe,blackedge cusk-eel,FALSE
Gulf of Mexico,Lepophidium jeannae,mottled cusk-eel,FALSE
Gulf of Mexico,Libinia emarginata,portly spider crab,FALSE
Gulf of Mexico,Litopenaeus setiferus,northern white shrimp,FALSE
Gulf of Mexico,Loligo pealeii,longfin inshore squid,FALSE
Gulf of Mexico,Loligo pleii,slender inshore squid,FALSE
Gulf of Mexico,Loligo spp.,Loligo squids,FALSE
Gulf of Mexico,Lolliguncula brevis,Atlantic brief squid,FALSE
Gulf of Mexico,Luidia clathrata,lined sea star,FALSE
Gulf of Mexico,Lutjanus campechanus,red snapper,FALSE
Gulf of Mexico,Lutjanus synagris,lane snapper,FALSE
Gulf of Mexico,Menticirrhus americanus,southern kingfish,FALSE
Gulf of Mexico,Micropogonias undulatus,Atlantic croaker,FALSE
Gulf of Mexico,Mullus auratus,red goatfish,FALSE
Gulf of Mexico,Mustelus canis,smooth dogfish,FALSE
Gulf of Mexico,Myropsis quinquespinosa,fivespine purse crab,FALSE
Gulf of Mexico,Narcine brasiliensis,lesser electric ray,FALSE
Gulf of Mexico,Neobythites gilli,Twospot brotula,FALSE
Gulf of Mexico,Neomerinthe hemingwayi,Spinycheek scorpionfish,FALSE
Gulf of Mexico,Octopus vulgaris,common octopus,FALSE
Gulf of Mexico,Ogcocephalus declivirostris,slantbrow batfish,FALSE
Gulf of Mexico,Ogcocephalus radiatus,Polka-dot batfish,FALSE
Gulf of Mexico,Ophichthus gomesii,shrimp eel,FALSE
Gulf of Mexico,Ophidion grayi,blotched cusk-eel,FALSE
Gulf of Mexico,Ophidion holbrookii,bank cusk-eel,FALSE
Gulf of Mexico,Ophidion welshi,crested cusk-eel,FALSE
Gulf of Mexico,Opisthonema oglinum,Atlantic thread herring,FALSE
Gulf of Mexico,Opsanus,NA,FALSE
Gulf of Mexico,Orthopristis chrysoptera,pigfish,FALSE
Gulf of Mexico,Ovalipes floridanus,Florida lady crab,FALSE
Gulf of Mexico,Pagrus pagrus,Red porgy,FALSE
Gulf of Mexico,Paralichthys lethostigma,southern flounder,FALSE
Gulf of Mexico,Paralichthys squamilentus,broad flounder,FALSE
Gulf of Mexico,Parapenaeus politus,rose shrimp,FALSE
Gulf of Mexico,Pareques umbrosus,cubbyu,FALSE
Gulf of Mexico,Parthenope granulata,NA,FALSE
Gulf of Mexico,Penaeus aztecus,brown shrimp,FALSE
Gulf of Mexico,Penaeus duorarum,northern pink shrimp,FALSE
Gulf of Mexico,Pentrochirus diogenes,giant hermit,FALSE
Gulf of Mexico,Peprilus alepidotus,harvestfish,FALSE
Gulf of Mexico,Peprilus burti,Gulf butterfish,FALSE
Gulf of Mexico,Peristedion gracile,Slender searobin,FALSE
Gulf of Mexico,Persephona crinita,pink purse crab,FALSE
Gulf of Mexico,Persephona mediterranea,mottled purse crab,FALSE
Gulf of Mexico,Pitar cordatus,NA,FALSE
Gulf of Mexico,Podochela sidneyi,shortfinger neck crab,FALSE
Gulf of Mexico,Polydactylus octonemus,Atlantic threadfin,FALSE
Gulf of Mexico,Pomatomus saltatrix,bluefish,FALSE
Gulf of Mexico,Pontinus longispinis,Longspine scorpionfish,FALSE
Gulf of Mexico,Porcellana sayana,spotted porcelain crab,FALSE
Gulf of Mexico,Porichthys plectrodon,Atlantic midshipman,FALSE
Gulf of Mexico,Porifera spp.,sponges,FALSE
Gulf of Mexico,Portunus gibbesii,iridescent swimming crab,FALSE
Gulf of Mexico,Portunus sayi,sargassum swimming crab,FALSE
Gulf of Mexico,Priacanthus arenatus,bigeye,FALSE
Gulf of Mexico,Prionotus longispinosus,bigeye searobin,FALSE
Gulf of Mexico,Prionotus ophryas,bandtail searobin,FALSE
Gulf of Mexico,Prionotus paralatus,Mexican searobin,FALSE
Gulf of Mexico,Prionotus roseus,bluespotted searobin,FALSE
Gulf of Mexico,Prionotus rubio,blackfin searobin,FALSE
Gulf of Mexico,Prionotus scitulus,leopard searobin,FALSE
Gulf of Mexico,Prionotus stearnsi,shortwing searobin,FALSE
Gulf of Mexico,Prionotus tribulus,bighead searobin,FALSE
Gulf of Mexico,Pristipomoides aquilonaris,wenchman,FALSE
Gulf of Mexico,Raja texana,roundel skate,FALSE
Gulf of Mexico,Raninoides louisianensis,Gulf frog crab,FALSE
Gulf of Mexico,Renilla mulleri,NA,FALSE
Gulf of Mexico,Rhinoptera bonasus,cownose ray,FALSE
Gulf of Mexico,Rhizoprionodon terraenovae,Atlantic sharpnose shark,FALSE
Gulf of Mexico,Rhomboplites aurorubens,Vermilion snapper,FALSE
Gulf of Mexico,Rhynchoconger flavus,yellow conger,FALSE
Gulf of Mexico,Rossia,NA,FALSE
Gulf of Mexico,Rypticus maculatus,whitespotted soapfish,FALSE
Gulf of Mexico,Sardinella aurita,spanish sardine,FALSE
Gulf of Mexico,Saurida brasiliensis,largescale lizardfish,FALSE
Gulf of Mexico,Scomber japonicus,chub mackerel,FALSE
Gulf of Mexico,Scomberomorus cavalla,king mackerel,FALSE
Gulf of Mexico,Scomberomorus maculatus,Spanish mackerel,FALSE
Gulf of Mexico,Scorpaena calcarata,smoothhead scorpionfish,FALSE
Gulf of Mexico,Scyllarides nodifer,ridged slipper lobster,FALSE
Gulf of Mexico,Selar crumenophthalmus,bigeye scad,FALSE
Gulf of Mexico,Selene setapinnis,Atlantic moonfish,FALSE
Gulf of Mexico,Selene vomer,lookdown,FALSE
Gulf of Mexico,Seriola dumerili,greater amberjack,FALSE
Gulf of Mexico,Serraniculus pumilio,Pygmy sea bass,FALSE
Gulf of Mexico,Serranus atrobranchus,blackear bass,FALSE
Gulf of Mexico,Sicyonia brevirostris,brown rock shrimp,FALSE
Gulf of Mexico,Sicyonia burkenroadi,spiny rock shrimp,FALSE
Gulf of Mexico,Sicyonia dorsalis,lesser rock shrimp,FALSE
Gulf of Mexico,Solenocera spp.,shrimps,FALSE
Gulf of Mexico,Speocarcinus lobatus,NA,FALSE
Gulf of Mexico,Sphoeroides dorsalis,Marbled puffer,FALSE
Gulf of Mexico,Sphoeroides parvus,least puffer,FALSE
Gulf of Mexico,Sphoeroides spengleri,bandtail puffer,FALSE
Gulf of Mexico,Sphyraena guachancho,guaguanche,FALSE
Gulf of Mexico,Sphyrna tiburo,bonnethead,FALSE
Gulf of Mexico,Squatina dumeril,sand devil,FALSE
Gulf of Mexico,Squilla chydaea,offshore mantis shrimp,FALSE
Gulf of Mexico,Squilla empusa,mantis shrimp,FALSE
Gulf of Mexico,Steindachneria argentea,Luminous hake,FALSE
Gulf of Mexico,Stellifer lanceolatus,star drum,FALSE
Gulf of Mexico,Stenorhynchus seticornis,yellowline arrow crab,FALSE
Gulf of Mexico,Stenotomus caprinus,longspine porgy,FALSE
Gulf of Mexico,Stephanolepis hispidus,planehead filefish,FALSE
Gulf of Mexico,Syacium gunteri,shoal flounder,FALSE
Gulf of Mexico,Syacium papillosum,dusky flounder,FALSE
Gulf of Mexico,Symphurus civitatum,offshore tonguefish,FALSE
Gulf of Mexico,Symphurus diomedeanus,Spottedfin tonguefish,FALSE
Gulf of Mexico,Symphurus plagiusa,blackcheek tonguefish,FALSE
Gulf of Mexico,Synodus foetens,inshore lizardfish,FALSE
Gulf of Mexico,Synodus poeyi,offshore lizardfish,FALSE
Gulf of Mexico,Trachinocephalus myops,snakefish,FALSE
Gulf of Mexico,Trachurus lathami,rough scad,FALSE
Gulf of Mexico,Trachypeneus spp.,trachypeneid shrimps,FALSE
Gulf of Mexico,Trichiurus lepturus,Atlantic cutlassfish,FALSE
Gulf of Mexico,Trichopsetta ventralis,sash flounder,FALSE
Gulf of Mexico,Trinectes maculatus,hogchoker,FALSE
Gulf of Mexico,Upeneus parvus,dwarf goatfish,FALSE
Gulf of Mexico,Urophycis cirrata,Gulf hake,FALSE
Gulf of Mexico,Urophycis floridana,southern hake,FALSE
Gulf of Mexico,Xiphopenaeus kroyeri,Atlantic seabob,FALSE
Gulf of Mexico,NA,NA,FALSE
Gulf of St. Lawrence North,NA,NA,FALSE
Gulf of St. Lawrence South,Alosa pseudoharengus,alewife,FALSE
Gulf of St. Lawrence South,Amblyraja radiata,starry skate,FALSE
Gulf of St. Lawrence South,Anarhichas lupus,Atlantic wolffish,FALSE
Gulf of St. Lawrence South,Cancer irroratus,rock crab,FALSE
Gulf of St. Lawrence South,Centroscyllium fabricii,Black dogfish,FALSE
Gulf of St. Lawrence South,Chionoecetes opilio,snow crab,FALSE
Gulf of St. Lawrence South,Clupea harengus,Atlantic herring,FALSE
Gulf of St. Lawrence South,Cyclopterus lumpus,Lumpfish,FALSE
Gulf of St. Lawrence South,Gadus morhua,Atlantic cod,FALSE
Gulf of St. Lawrence South,Gadus ogac,Greenland cod,FALSE
Gulf of St. Lawrence South,Glyptocephalus cynoglossus,witch flounder,FALSE
Gulf of St. Lawrence South,Hemitripterus americanus,sea raven,FALSE
Gulf of St. Lawrence South,Hippoglossoides platessoides,American plaice,FALSE
Gulf of St. Lawrence South,Homarus americanus,American lobster,FALSE
Gulf of St. Lawrence South,Illex illecebrosus,northern shortfin squid,FALSE
Gulf of St. Lawrence South,Leucoraja ocellata,big skate,FALSE
Gulf of St. Lawrence South,Limanda ferruginea,yellowtail flounder,FALSE
Gulf of St. Lawrence South,Lycodes vahlii,Vahl's eelpout,FALSE
Gulf of St. Lawrence South,Malacoraja senta,smooth skate,FALSE
Gulf of St. Lawrence South,Mallotus villosus,capelin,FALSE
Gulf of St. Lawrence South,Melanogrammus aeglefinus,haddock,FALSE
Gulf of St. Lawrence South,Merluccius bilinearis,silver hake,FALSE
Gulf of St. Lawrence South,Myoxocephalus octodecemspinosus,longhorn sculpin,FALSE
Gulf of St. Lawrence South,Myoxocephalus scorpius,Shorthorn sculpin,FALSE
Gulf of St. Lawrence South,Nezumia bairdii,Marlin-spike grenadier,FALSE
Gulf of St. Lawrence South,Osmerus mordax,rainbow smelt,FALSE
Gulf of St. Lawrence South,Pollachius virens,pollock,FALSE
Gulf of St. Lawrence South,Pseudopleuronectes americanus,blackback,FALSE
Gulf of St. Lawrence South,Reinhardtius hippoglossoides,Greenland halibut,FALSE
Gulf of St. Lawrence South,Scomber scombrus,Atlantic mackerel,FALSE
Gulf of St. Lawrence South,Scophthalmus aquosus,windowpane,FALSE
Gulf of St. Lawrence South,Sebastes spp.,rockfishes,FALSE
Gulf of St. Lawrence South,Tautogolabrus adspersus,cunner,FALSE
Gulf of St. Lawrence South,Urophycis tenuis,white hake,FALSE
Gulf of St. Lawrence South,NA,NA,FALSE
Maritimes Summer,Alosa pseudoharengus,alewife,FALSE
Maritimes Summer,Alosa sapidissima,American shad,FALSE
Maritimes Summer,Amblyraja radiata,starry skate,FALSE
Maritimes Summer,Ammodytes dubius,Northern sand lance,FALSE
Maritimes Summer,Anarhichas lupus,Atlantic wolffish,FALSE
Maritimes Summer,Argentina silus,Atlantic argentine,FALSE
Maritimes Summer,Brosme brosme,cusk,FALSE
Maritimes Summer,Clupea harengus,Atlantic herring,FALSE
Maritimes Summer,Cryptacanthodes maculatus,Wrymouth,FALSE
Maritimes Summer,Cyclopterus lumpus,Lumpfish,FALSE
Maritimes Summer,Dipturus laevis,Barndoor skate,FALSE
Maritimes Summer,Gadus morhua,Atlantic cod,FALSE
Maritimes Summer,Glyptocephalus cynoglossus,witch flounder,FALSE
Maritimes Summer,Helicolenus dactylopterus,blackbelly rosefish,FALSE
Maritimes Summer,Hemitripterus americanus,sea raven,FALSE
Maritimes Summer,Hippoglossoides platessoides,American plaice,FALSE
Maritimes Summer,Hippoglossus hippoglossus,Atlantic halibut,FALSE
Maritimes Summer,Homarus americanus,American lobster,FALSE
Maritimes Summer,Illex illecebrosus,northern shortfin squid,FALSE
Maritimes Summer,Leucoraja erinacea,Little skate,FALSE
Maritimes Summer,Leucoraja ocellata,big skate,FALSE
Maritimes Summer,Limanda ferruginea,yellowtail flounder,FALSE
Maritimes Summer,Lophius americanus,goosefish,FALSE
Maritimes Summer,Lycodes vahlii,Vahl's eelpout,FALSE
Maritimes Summer,Malacoraja senta,smooth skate,FALSE
Maritimes Summer,Melanogrammus aeglefinus,haddock,FALSE
Maritimes Summer,Merluccius albidus,offshore hake,FALSE
Maritimes Summer,Merluccius bilinearis,silver hake,FALSE
Maritimes Summer,Myoxocephalus octodecemspinosus,longhorn sculpin,FALSE
Maritimes Summer,Myxine glutinosa,Atlantic hagfish,FALSE
Maritimes Summer,Nezumia bairdii,Marlin-spike grenadier,FALSE
Maritimes Summer,Pollachius virens,pollock,FALSE
Maritimes Summer,Pseudopleuronectes americanus,blackback,FALSE
Maritimes Summer,Reinhardtius hippoglossoides,Greenland halibut,FALSE
Maritimes Summer,Scomber scombrus,Atlantic mackerel,FALSE
Maritimes Summer,Sebastes spp.,rockfishes,FALSE
Maritimes Summer,Squalus acanthias,spiny dogfish,FALSE
Maritimes Summer,Urophycis chuss,red hake,FALSE
Maritimes Summer,Urophycis tenuis,white hake,FALSE
Maritimes Summer,Zoarces americanus,ocean pout,FALSE
Maritimes Summer,NA,NA,FALSE
Northeast US Fall,Alosa aestivalis,blueback herring,FALSE
Northeast US Fall,Alosa pseudoharengus,alewife,FALSE
Northeast US Fall,Alosa sapidissima,American shad,FALSE
Northeast US Fall,Amblyraja radiata,starry skate,FALSE
Northeast US Fall,Ammodytes dubius,northern sand lance,FALSE
Northeast US Fall,Anarhichas lupus,Atlantic wolffish,FALSE
Northeast US Fall,Anchoa hepsetus,striped anchovy,FALSE
Northeast US Fall,Anchoa mitchilli,bay anchovy,FALSE
Northeast US Fall,Argentina silus,Atlantic argentine,FALSE
Northeast US Fall,Brevoortia tyrannus,Atlantic menhaden,FALSE
Northeast US Fall,Brosme brosme,cusk,FALSE
Northeast US Fall,Callinectes sapidus,blue crab,FALSE
Northeast US Fall,Cancer borealis,Jonah crab,FALSE
Northeast US Fall,Cancer irroratus,Atlantic rock crab,FALSE
Northeast US Fall,Caranx crysos,blue runner,FALSE
Northeast US Fall,Centropristis striata,black sea bass,FALSE
Northeast US Fall,Citharichthys arctifrons,Gulf Stream flounder,FALSE
Northeast US Fall,Clupea harengus,Atlantic herring,FALSE
Northeast US Fall,Conger oceanicus,conger eel,FALSE
Northeast US Fall,Crustacea shrimp,crustaceans,FALSE
Northeast US Fall,Cryptacanthodes maculatus,wrymouth,FALSE
Northeast US Fall,Cyclopterus lumpus,lumpfish,FALSE
Northeast US Fall,Cynoscion regalis,weakfish,FALSE
Northeast US Fall,Dasyatis centroura,roughtail stingray,FALSE
Northeast US Fall,Dasyatis say,bluntnose stingray,FALSE
Northeast US Fall,Decapterus punctatus,round scad,FALSE
Northeast US Fall,Dipturus laevis,barndoor skate,FALSE
Northeast US Fall,Enchelyopus cimbrius,fourbeard rockling,FALSE
Northeast US Fall,Etrumeus teres,round herring,FALSE
Northeast US Fall,Gadus morhua,Atlantic cod,FALSE
Northeast US Fall,Geryon quinquedens,NA,FALSE
Northeast US Fall,Glyptocephalus cynoglossus,witch flounder,FALSE
Northeast US Fall,Gymnura altavela,spiny butterfly ray,FALSE
Northeast US Fall,Helicolenus dactylopterus,blackbelly rosefish,FALSE
Northeast US Fall,Hemitripterus americanus,sea raven,FALSE
Northeast US Fall,Hippoglossoides platessoides,American plaice,FALSE
Northeast US Fall,Hippoglossus hippoglossus,Atlantic halibut,FALSE
Northeast US Fall,Homarus americanus,American lobster,FALSE
Northeast US Fall,Illex illecebrosus,northern shortfin squid,FALSE
Northeast US Fall,Larimus fasciatus,banded drum,FALSE
Northeast US Fall,Leiostomus xanthurus,spot,FALSE
Northeast US Fall,Lepophidium profundorum,fawn cusk-eel,FALSE
Northeast US Fall,Leucoraja erinacea,little skate,FALSE
Northeast US Fall,Leucoraja garmani,rosette skate,FALSE
Northeast US Fall,Leucoraja ocellata,big skate,FALSE
Northeast US Fall,Limanda ferruginea,yellowtail flounder,FALSE
Northeast US Fall,Limanda ferruginea,Yellowtail flounder,FALSE
Northeast US Fall,Limulus polyphemus,horseshoe crab,FALSE
Northeast US Fall,Loligo pealeii,longfin inshore squid,FALSE
Northeast US Fall,Lophius americanus,goosefish,FALSE
Northeast US Fall,Macrouridae,NA,FALSE
Northeast US Fall,Malacoraja senta,smooth skate,FALSE
Northeast US Fall,Melanogrammus aeglefinus,haddock,FALSE
Northeast US Fall,Menticirrhus americanus,southern kingfish,FALSE
Northeast US Fall,Menticirrhus saxatilis,northern kingfish,FALSE
Northeast US Fall,Merluccius albidus,offshore hake,FALSE
Northeast US Fall,Merluccius bilinearis,silver hake,FALSE
Northeast US Fall,Micropogonias undulatus,Atlantic croaker,FALSE
Northeast US Fall,Mustelus canis,smooth dogfish,FALSE
Northeast US Fall,Myctophidae spp.,lanternfishes,FALSE
Northeast US Fall,Myliobatis freminvillei,bullnose ray,FALSE
Northeast US Fall,Myoxocephalus octodecemspinosus,longhorn sculpin,FALSE
Northeast US Fall,Myxine glutinosa,Atlantic hagfish,FALSE
Northeast US Fall,Orthopristis chrysoptera,pigfish,FALSE
Northeast US Fall,Ovalipes ocellatus,lady crab,FALSE
Northeast US Fall,Paralichthys dentatus,summer flounder,FALSE
Northeast US Fall,Paralichthys oblongus,American fourspot flounder,FALSE
Northeast US Fall,Peprilus alepidotus,harvestfish,FALSE
Northeast US Fall,Peprilus tracanthus,butterfish,FALSE
Northeast US Fall,Peprilus triacanthus,American butterfish,FALSE
Northeast US Fall,Peristedion miniatum,armored searobin,FALSE
Northeast US Fall,Phycis chesteri,longfin hake,FALSE
Northeast US Fall,Placopecten magellanicus,sea scallop,FALSE
Northeast US Fall,Pollachius virens,pollock,FALSE
Northeast US Fall,Pomatomus saltatrix,bluefish,FALSE
Northeast US Fall,Prionotus carolinus,northern searobin,FALSE
Northeast US Fall,Prionotus evolans,striped searobin,FALSE
Northeast US Fall,Pseudopleuronectes americanus,blackback,FALSE
Northeast US Fall,Pseudopleuronectes americanus,winter flounder,FALSE
Northeast US Fall,Pseudopleuronectes americanus,Winter flounder,FALSE
Northeast US Fall,Raja eglanteria,clearnose skate,FALSE
Northeast US Fall,Scomber scombrus,Atlantic mackerel,FALSE
Northeast US Fall,Scomberomorus maculatus,Spanish mackerel,FALSE
Northeast US Fall,Scophthalmus aquosus,windowpane,FALSE
Northeast US Fall,Scyliorhinus retifer,chain catshark,FALSE
Northeast US Fall,Sebastes fasciatus,Acadian redfish,FALSE
Northeast US Fall,Sphoeroides maculatus,northern puffer,FALSE
Northeast US Fall,Squalus acanthias,spiny dogfish,FALSE
Northeast US Fall,Squatina dumeril,sand devil,FALSE
Northeast US Fall,Stenotomus chrysops,scup,FALSE
Northeast US Fall,Synodus foetens,inshore lizardfish,FALSE
Northeast US Fall,Tautogolabrus adspersus,cunner,FALSE
Northeast US Fall,Trachurus lathami,rough scad,FALSE
Northeast US Fall,Triglops murrayi,Moustache sculpin,FALSE
Northeast US Fall,Urophycis chuss,red hake,FALSE
Northeast US Fall,Urophycis regia,spotted hake,FALSE
Northeast US Fall,Urophycis tenuis,white hake,FALSE
Northeast US Fall,Zenopsis conchifer,Silvery John dory,FALSE
Northeast US Fall,Zoarces americanus,ocean pout,FALSE
Northeast US Fall,NA,NA,FALSE
Northeast US Spring,Alosa aestivalis,blueback herring,FALSE
Northeast US Spring,Alosa pseudoharengus,alewife,FALSE
Northeast US Spring,Alosa sapidissima,American shad,FALSE
Northeast US Spring,Amblyraja radiata,starry skate,FALSE
Northeast US Spring,Ammodytes dubius,northern sand lance,FALSE
Northeast US Spring,Anarhichas lupus,Atlantic wolffish,FALSE
Northeast US Spring,Anchoa mitchilli,bay anchovy,FALSE
Northeast US Spring,Argentina silus,Atlantic argentine,FALSE
Northeast US Spring,Brevoortia tyrannus,Atlantic menhaden,FALSE
Northeast US Spring,Brosme brosme,cusk,FALSE
Northeast US Spring,Cancer borealis,Jonah crab,FALSE
Northeast US Spring,Cancer irroratus,Atlantic rock crab,FALSE
Northeast US Spring,Centropristis striata,black sea bass,FALSE
Northeast US Spring,Citharichthys arctifrons,Gulf Stream flounder,FALSE
Northeast US Spring,Clupea harengus,Atlantic herring,FALSE
Northeast US Spring,Conger oceanicus,conger eel,FALSE
Northeast US Spring,Crustacea shrimp,crustaceans,FALSE
Northeast US Spring,Cryptacanthodes maculatus,wrymouth,FALSE
Northeast US Spring,Cyclopterus lumpus,lumpfish,FALSE
Northeast US Spring,Cynoscion regalis,weakfish,FALSE
Northeast US Spring,Dipturus laevis,barndoor skate,FALSE
Northeast US Spring,Enchelyopus cimbrius,fourbeard rockling,FALSE
Northeast US Spring,Gadus morhua,Atlantic cod,FALSE
Northeast US Spring,Geryon quinquedens,NA,FALSE
Northeast US Spring,Glyptocephalus cynoglossus,witch flounder,FALSE
Northeast US Spring,Helicolenus dactylopterus,blackbelly rosefish,FALSE
Northeast US Spring,Hemitripterus americanus,sea raven,FALSE
Northeast US Spring,Hippoglossoides platessoides,American plaice,FALSE
Northeast US Spring,Hippoglossus hippoglossus,Atlantic halibut,FALSE
Northeast US Spring,Homarus americanus,American lobster,FALSE
Northeast US Spring,Illex illecebrosus,northern shortfin squid,FALSE
Northeast US Spring,Leiostomus xanthurus,spot,FALSE
Northeast US Spring,Lepophidium profundorum,fawn cusk-eel,FALSE
Northeast US Spring,Leucoraja erinacea,little skate,FALSE
Northeast US Spring,Leucoraja garmani,rosette skate,FALSE
Northeast US Spring,Leucoraja ocellata,big skate,FALSE
Northeast US Spring,Limanda ferruginea,yellowtail flounder,FALSE
Northeast US Spring,Limanda ferruginea,Yellowtail flounder,FALSE
Northeast US Spring,Limulus polyphemus,horseshoe crab,FALSE
Northeast US Spring,Loligo pealeii,longfin inshore squid,FALSE
Northeast US Spring,Lophius americanus,goosefish,FALSE
Northeast US Spring,Macrouridae,NA,FALSE
Northeast US Spring,Malacoraja senta,smooth skate,FALSE
Northeast US Spring,Melanogrammus aeglefinus,haddock,FALSE
Northeast US Spring,Menidia menidia,Atlantic silverside,FALSE
Northeast US Spring,Menticirrhus saxatilis,northern kingfish,FALSE
Northeast US Spring,Merluccius albidus,offshore hake,FALSE
Northeast US Spring,Merluccius bilinearis,silver hake,FALSE
Northeast US Spring,Micropogonias undulatus,Atlantic croaker,FALSE
Northeast US Spring,Morone saxatilis,Striped bass,FALSE
Northeast US Spring,Mustelus canis,smooth dogfish,FALSE
Northeast US Spring,Myctophidae spp.,lanternfishes,FALSE
Northeast US Spring,Myoxocephalus octodecemspinosus,longhorn sculpin,FALSE
Northeast US Spring,Myxine glutinosa,Atlantic hagfish,FALSE
Northeast US Spring,Ophidion marginatum,striped cusk-eel,FALSE
Northeast US Spring,Paralichthys dentatus,summer flounder,FALSE
Northeast US Spring,Paralichthys oblongus,American fourspot flounder,FALSE
Northeast US Spring,Peprilus tracanthus,butterfish,FALSE
Northeast US Spring,Peprilus triacanthus,American butterfish,FALSE
Northeast US Spring,Peristedion miniatum,armored searobin,FALSE
Northeast US Spring,Phycis chesteri,longfin hake,FALSE
Northeast US Spring,Placopecten magellanicus,sea scallop,FALSE
Northeast US Spring,Pollachius virens,pollock,FALSE
Northeast US Spring,Pomatomus saltatrix,bluefish,FALSE
Northeast US Spring,Prionotus carolinus,northern searobin,FALSE
Northeast US Spring,Prionotus evolans,striped searobin,FALSE
Northeast US Spring,Pseudopleuronectes americanus,blackback,FALSE
Northeast US Spring,Pseudopleuronectes americanus,winter flounder,FALSE
Northeast US Spring,Pseudopleuronectes americanus,Winter flounder,FALSE
Northeast US Spring,Raja eglanteria,clearnose skate,FALSE
Northeast US Spring,Scomber scombrus,Atlantic mackerel,FALSE
Northeast US Spring,Scophthalmus aquosus,windowpane,FALSE
Northeast US Spring,Scyliorhinus retifer,chain catshark,FALSE
Northeast US Spring,Sebastes fasciatus,Acadian redfish,FALSE
Northeast US Spring,Squalus acanthias,spiny dogfish,FALSE
Northeast US Spring,Squatina dumeril,sand devil,FALSE
Northeast US Spring,Stenotomus chrysops,scup,FALSE
Northeast US Spring,Tautogolabrus adspersus,cunner,FALSE
Northeast US Spring,Urophycis chuss,red hake,FALSE
Northeast US Spring,Urophycis regia,spotted hake,FALSE
Northeast US Spring,Urophycis tenuis,white hake,FALSE
Northeast US Spring,Zenopsis conchifer,Silvery John dory,FALSE
Northeast US Spring,Zoarces americanus,ocean pout,FALSE
Northeast US Spring,NA,NA,FALSE
Southeast US Fall,Anchoa spp.,anchovy,FALSE
Southeast US Fall,Libinia spp.,spider crabs,FALSE
Southeast US Fall,NA,NA,FALSE
Southeast US Spring,Anchoa spp.,anchovy,FALSE
Southeast US Spring,Libinia spp.,spider crabs,FALSE
Southeast US Spring,NA,NA,FALSE
Southeast US Summer,Anchoa spp.,anchovy,FALSE
Southeast US Summer,Libinia spp.,spider crabs,FALSE
Southeast US Summer,NA,NA,FALSE
West Coast Annual,Acanthephyra curtirostris,peaked shrimp,FALSE
West Coast Annual,Acantholithodes hispidus,spiny lithode crab,FALSE
West Coast Annual,Actinauge verrilli,reticulate anemone,FALSE
West Coast Annual,Actinernus,NA,FALSE
West Coast Annual,Actiniaria spp.,anemones,FALSE
West Coast Annual,Actinoscyphia,NA,FALSE
West Coast Annual,Aequorea,NA,FALSE
West Coast Annual,Agonopsis vulsa,northern spearnose poacher,FALSE
West Coast Annual,Albatrossia pectoralis,giant grenadier,FALSE
West Coast Annual,Allosmerus elongatus,whitebait smelt,FALSE
West Coast Annual,Alosa sapidissima,American shad,FALSE
West Coast Annual,Ampheraster marianus,NA,FALSE
West Coast Annual,Anarrhichthys ocellatus,wolf-eel,FALSE
West Coast Annual,Anisodoris nobilis,Pacific sea-lemon,FALSE
West Coast Annual,Annelida,NA,FALSE
West Coast Annual,Anoplogaster cornuta,Common fangtooth,FALSE
West Coast Annual,Anoplopoma fimbria,sablefish,FALSE
West Coast Annual,Anteliaster,NA,FALSE
West Coast Annual,Anthomastus ritteri,NA,FALSE
West Coast Annual,Anthopleura xanthogrammica,giant green anemone,FALSE
West Coast Annual,Anthoptilum grandiflorum,sea pen,FALSE
West Coast Annual,Antimora microlepis,Finescale mora,FALSE
West Coast Annual,Antipatharia,NA,FALSE
West Coast Annual,Aphrodita,NA,FALSE
West Coast Annual,Apristurus brunneus,brown cat shark,FALSE
West Coast Annual,Apristurus kampae,Longnose catshark,FALSE
West Coast Annual,Argentina sialis,Pacific argentine,FALSE
West Coast Annual,Argyropelecus,NA,FALSE
West Coast Annual,Argyropelecus affinis,Pacific hatchet fish,FALSE
West Coast Annual,Aristostomias scintillans,Shiny loosejaw,FALSE
West Coast Annual,Asterina miniata,NA,FALSE
West Coast Annual,Asteronyx,NA,FALSE
West Coast Annual,Asteronyx longifissus,NA,FALSE
West Coast Annual,Asteronyx loveni,NA,FALSE
West Coast Annual,Asterozoa spp.,sea stars,FALSE
West Coast Annual,Astropecten armatus,spiny sand star,FALSE
West Coast Annual,Astropecten verilli,sea star,FALSE
West Coast Annual,Atheresthes stomias,arrowtooth flounder,FALSE
West Coast Annual,Atolla,NA,FALSE
West Coast Annual,Aurelia,NA,FALSE
West Coast Annual,Avocettina infans,Avocet snipe eel,FALSE
West Coast Annual,Bathyagonus nigripinnis,blackfin poacher,FALSE
West Coast Annual,Bathyagonus pentacanthus,bigeye poacher,FALSE
West Coast Annual,Bathybembix bairdii,NA,FALSE
West Coast Annual,Bathylagidae,NA,FALSE
West Coast Annual,Bathylagus milleri,NA,FALSE
West Coast Annual,Bathylagus pacificus,Slender blacksmelt,FALSE
West Coast Annual,Bathypathes,NA,FALSE
West Coast Annual,Bathyraja spp.,roughtail skate,FALSE
West Coast Annual,Benthalbella dentata,Northern pearleye,FALSE
West Coast Annual,Benthoctopus,NA,FALSE
West Coast Annual,Benthoctopus leioderma,smoothskin octopus,FALSE
West Coast Annual,Berryteuthis magister,magister armhook squid,FALSE
West Coast Annual,Bivalvia spp.,bivalves,FALSE
West Coast Annual,Bothrocara brunneum,Twoline eelpout,FALSE
West Coast Annual,Brachiopoda spp.,brachiopods,FALSE
West Coast Annual,Brisaster,NA,FALSE
West Coast Annual,Brisaster latifrons,sea urchin,FALSE
West Coast Annual,Brisaster townsendi,NA,FALSE
West Coast Annual,Brisingella exilis,NA,FALSE
West Coast Annual,Brissopsis pacifica,NA,FALSE
West Coast Annual,Buccinum,NA,FALSE
West Coast Annual,Calinaticina oldroydii,Oldroyd's Fragile Moon Snail,FALSE
West Coast Annual,Cancer anthonyi,yellow rock crab,FALSE
West Coast Annual,Cancer gracilis,graceful rock crab,FALSE
West Coast Annual,Cancer productus,red rock crab,FALSE
West Coast Annual,Careproctus cypselurus,Falcate snailfish,FALSE
West Coast Annual,Careproctus gilberti,Smalldisk snailfish,FALSE
West Coast Annual,Careproctus melanurus,blacktail snailfish,FALSE
West Coast Annual,Caridea,NA,FALSE
West Coast Annual,Carinariidae,NA,FALSE
West Coast Annual,Ceramaster,NA,FALSE
West Coast Annual,Chauliodus macouni,Pacific viperfish,FALSE
West Coast Annual,Cheiraster dawsoni,sea star,FALSE
West Coast Annual,Chesnonia verrucosa,Warty poacher,FALSE
West Coast Annual,Chilara taylori,spotted cusk-eel,FALSE
West Coast Annual,Chionoecetes bairdi,tanner crab,FALSE
West Coast Annual,Chionoecetes tanneri,grooved Tanner crab,FALSE
West Coast Annual,Chiroteuthis calyx,NA,FALSE
West Coast Annual,Chitonotus pugetensis,roughback sculpin,FALSE
West Coast Annual,Chorilia longipes,longhorn decorator crab,FALSE
West Coast Annual,Chrysaora,NA,FALSE
West Coast Annual,Chrysaora fuscens,NA,FALSE
West Coast Annual,Chrysaora melanaster,NA,FALSE
West Coast Annual,Chrysopathes,NA,FALSE
West Coast Annual,Citharichthys sordidus,Pacific sanddab,FALSE
West Coast Annual,Clupea pallasii,Pacific herring,FALSE
West Coast Annual,Colus,NA,FALSE
West Coast Annual,Corallimorphus,NA,FALSE
West Coast Annual,Coryphaenoides acrolepis,Pacific grenadier,FALSE
West Coast Annual,Coryphaenoides cinereus,Popeye grenadier,FALSE
West Coast Annual,Cottidae spp.,sculpins,FALSE
West Coast Annual,Crangon,NA,FALSE
West Coast Annual,Crangon communis,gray shrimp,FALSE
West Coast Annual,Crossaster borealis,grooved sun star,FALSE
West Coast Annual,Crossaster papposus,common sunstar,FALSE
West Coast Annual,Cryptopeltaster lepidonotus,NA,FALSE
West Coast Annual,Ctenodiscus crispatus,mud star,FALSE
West Coast Annual,Ctenophora,NA,FALSE
West Coast Annual,Cymatogaster aggregata,shiner perch,FALSE
West Coast Annual,Delectopecten vancouverensis,Vancouver scallop,FALSE
West Coast Annual,Dermasterias imbricata,Leather star,FALSE
West Coast Annual,Diaphus theta,California headlightfish,FALSE
West Coast Annual,Diplopteraster multipes,cushion star,FALSE
West Coast Annual,Dipsacaster eximius,NA,FALSE
West Coast Annual,Doryteuthis opalescens,opalescent inshore squid,FALSE
West Coast Annual,Dromalia alexandri,NA,FALSE
West Coast Annual,Elassodiscus caudatus,Blackbelly snailfish,FALSE
West Coast Annual,Embassichthys bathybius,Deep-sea sole,FALSE
West Coast Annual,Engraulis mordax,northern anchovy,FALSE
West Coast Annual,Enophrys taurina,Bull sculpin,FALSE
West Coast Annual,Enteroctopus dofleini,North Pacific giant octopus,FALSE
West Coast Annual,Eopsetta jordani,petrale sole,FALSE
West Coast Annual,Eptatretus deani,black hagfish,FALSE
West Coast Annual,Eptatretus stoutii,Pacific hagfish,FALSE
West Coast Annual,Eualus,NA,FALSE
West Coast Annual,Eualus macropthalmus,bigeye eulid,FALSE
West Coast Annual,Euspira lewisii,NA,FALSE
West Coast Annual,Fish unident.,NA,FALSE
West Coast Annual,Florometra,NA,FALSE
West Coast Annual,Fusitriton oregonensis,Oregon triton,FALSE
West Coast Annual,Gadus chalcogrammus,walleye pollock,FALSE
West Coast Annual,Gadus macrocephalus,Pacific cod,FALSE
West Coast Annual,Galatheidae,NA,FALSE
West Coast Annual,Galeorhinus galeus,tope shark,FALSE
West Coast Annual,Galiteuthis phyllura,NA,FALSE
West Coast Annual,Gastropoda spp.,gastropods,FALSE
West Coast Annual,Genyonemus lineatus,white croaker,FALSE
West Coast Annual,Glyptocephalus zachirus,rex sole,FALSE
West Coast Annual,Gonatopsis borealis,Boreopacific gonate squid,FALSE
West Coast Annual,Gonatus,NA,FALSE
West Coast Annual,Gonatus onyx,clawed armhook squid,FALSE
West Coast Annual,Gorgonacea spp.,soft corals,FALSE
West Coast Annual,Gorgonocephalus eucnemis,basket star,FALSE
West Coast Annual,Graneledone boreopacifica,NA,FALSE
West Coast Annual,Halipteris,NA,FALSE
West Coast Annual,Halocynthia igaboja,bristly tunicate,FALSE
West Coast Annual,Hemilepidotus hemilepidotus,red Irish lord,FALSE
West Coast Annual,Hemilepidotus spinosus,brown Irish lord,FALSE
West Coast Annual,Henricia,NA,FALSE
West Coast Annual,Heterozonias alternatus,sea star,FALSE
West Coast Annual,Hexactinosida spp.,sponge,FALSE
West Coast Annual,Hexagrammos decagrammus,kelp greenling,FALSE
West Coast Annual,Hexanchus griseus,bluntnose sixgill shark,FALSE
West Coast Annual,Hippasteria californica,Californian spiny star,FALSE
West Coast Annual,Hippasteria spinosa,spiny star,FALSE
West Coast Annual,Hippoglossina stomata,Bigmouth flounder,FALSE
West Coast Annual,Hippoglossoides elassodon,flathead sole,FALSE
West Coast Annual,Hippoglossus stenolepis,Pacific halibut,FALSE
West Coast Annual,Histioteuthis heteropsis,NA,FALSE
West Coast Annual,Histioteuthis hoylei,flowervase jewell squid,FALSE
West Coast Annual,Holothuroidea spp.,sea cucumbers,FALSE
West Coast Annual,Hormathiidae spp.,sea anemone,FALSE
West Coast Annual,Hyalonema,NA,FALSE
West Coast Annual,Hydrolagus colliei,spotted ratfish,FALSE
West Coast Annual,Icelinus burchami,Dusky sculpin,FALSE
West Coast Annual,Icelinus filamentosus,threadfin sculpin,FALSE
West Coast Annual,Icelinus fimbriatus,fringed sculpin,FALSE
West Coast Annual,Icichthys lockingtoni,Medusafish,FALSE
West Coast Annual,Idiacanthus antrostomus,Pacific blackdragon,FALSE
West Coast Annual,Invertebrata spp.,invertebrate,FALSE
West Coast Annual,Isopoda spp.,"pill bugs, wood lice and sea slaters",FALSE
West Coast Annual,Isopsetta isolepis,butter sole,FALSE
West Coast Annual,Japetella diaphana,diaphanous pelagic octopod,FALSE
West Coast Annual,Lampanyctus,NA,FALSE
West Coast Annual,Lepidopsetta spp.,rock soles,FALSE
West Coast Annual,Leptocottus armatus,Pacific staghorn sculpin,FALSE
West Coast Annual,Leuroglossus stilbius,California smoothtongue,FALSE
West Coast Annual,Lillipathes,NA,FALSE
West Coast Annual,Liparidae spp.,snailfishes,FALSE
West Coast Annual,Liponema brevicornis,tentacle shedding anemone,FALSE
West Coast Annual,Lithodes couesi,scarlet king crab,FALSE
West Coast Annual,Lophaster furcilliger,NA,FALSE
West Coast Annual,Lophaster vexator,NA,FALSE
West Coast Annual,Lopholithodes foraminatus,brown box crab,FALSE
West Coast Annual,Loxorhynchus crispatus,moss crab,FALSE
West Coast Annual,Loxorhynchus grandis,sheep crab,FALSE
West Coast Annual,Luidia foliolata,sand star,FALSE
West Coast Annual,Lycenchelys camchatica,NA,FALSE
West Coast Annual,Lycenchelys crotalinus,Snakehead eelpout,FALSE
West Coast Annual,Lycodapus endemoscotus,Deepwater slipskin,FALSE
West Coast Annual,Lycodapus fierasfer,Blackmouth eelpout,FALSE
West Coast Annual,Lycodapus mandibularis,Pallid eelpout,FALSE
West Coast Annual,Lycodes cortezianus,bigfin eelpout,FALSE
West Coast Annual,Lycodes diapterus,black eelpout,FALSE
West Coast Annual,Lycodes pacificus,blackbelly eelpout,FALSE
West Coast Annual,Lyopsetta exilis,slender sole,FALSE
West Coast Annual,Lytechinus anamesus,white sea urchin,FALSE
West Coast Annual,Macropinna microstoma,Barreleye,FALSE
West Coast Annual,Mediaster,NA,FALSE
West Coast Annual,Mediaster aequalis,Vermilion star,FALSE
West Coast Annual,Mediaster tenellus,NA,FALSE
West Coast Annual,Melamphaes lugubris,Highsnout melamphid,FALSE
West Coast Annual,Melamphaidae,NA,FALSE
West Coast Annual,Merluccius productus,Pacific hake,FALSE
West Coast Annual,Metacarcinus magister,dungeness crab,FALSE
West Coast Annual,Metridium farcimen,gigantic anemone,FALSE
West Coast Annual,Microgadus proximus,Pacific tomcod,FALSE
West Coast Annual,Microstomus pacificus,Dover sole,FALSE
West Coast Annual,Molpadia intermedia,sea cucumber,FALSE
West Coast Annual,Moroteuthis robusta,robust clubhook squid,FALSE
West Coast Annual,Munida quadrispina,squat lobster,FALSE
West Coast Annual,Mustelus henlei,Brown smooth-hound,FALSE
West Coast Annual,Myctophidae spp.,lanternfishes,FALSE
West Coast Annual,Myliobatis californica,Bat eagle ray,FALSE
West Coast Annual,Myxinidae spp.,hagfishes,FALSE
West Coast Annual,Myxoderma platyacanthum,sea star,FALSE
West Coast Annual,Myxoderma sacculatum,NA,FALSE
West Coast Annual,Nearchaster aciculosus,NA,FALSE
West Coast Annual,Nemichthys scolopaceus,Slender snipe eel,FALSE
West Coast Annual,Neognathophausia gigas,NA,FALSE
West Coast Annual,Neognathophausia ingens,giant red mysid,FALSE
West Coast Annual,Neolithodes diomedeae,NA,FALSE
West Coast Annual,Neomenia,NA,FALSE
West Coast Annual,Neptunea,NA,FALSE
West Coast Annual,Neptunea amianta,true whelk,FALSE
West Coast Annual,Notostomus japonicus,Japanese spinyridge,FALSE
West Coast Annual,Nudibranchia spp.,nudibranchs,FALSE
West Coast Annual,Octopodidae spp.,octopuses,FALSE
West Coast Annual,Octopoteuthis deletron,NA,FALSE
West Coast Annual,Octopus,NA,FALSE
West Coast Annual,Octopus californicus,North Pacific bigeye octopus,FALSE
West Coast Annual,Octopus rubescens,East Pacific red octopus,FALSE
West Coast Annual,Oneirodidae,NA,FALSE
West Coast Annual,Ophiacantha,NA,FALSE
West Coast Annual,Ophiodon elongatus,lingcod,FALSE
West Coast Annual,Ophiomusium jolliensis,NA,FALSE
West Coast Annual,Ophiopholis,NA,FALSE
West Coast Annual,Ophiura,NA,FALSE
West Coast Annual,Ophiura sarsi,notched brittle star,FALSE
West Coast Annual,Ophiurida,NA,FALSE
West Coast Annual,Opisthoteuthis californiana,flapjack octopus,FALSE
West Coast Annual,Oractis diomedeae,NA,FALSE
West Coast Annual,Orthasterias koehleri,rainbow star,FALSE
West Coast Annual,Paguridae spp.,right-handed hermit crabs,FALSE
West Coast Annual,Paguristes turgidus,hermit crab,FALSE
West Coast Annual,Pagurus,NA,FALSE
West Coast Annual,Pandalopsis ampla,deepwater bigeye,FALSE
West Coast Annual,Pandalopsis dispar,sidestripe shrimp,FALSE
West Coast Annual,Pandalus hypsinotus,coonstriped shrimp,FALSE
West Coast Annual,Pandalus jordani,ocean shrimp,FALSE
West Coast Annual,Pandalus platyceros,spot shrimp,FALSE
West Coast Annual,Pannychia moseleyi,NA,FALSE
West Coast Annual,Paractinostola faeculenta,hobnail vase anemone,FALSE
West Coast Annual,Paragorgia,NA,FALSE
West Coast Annual,Paralichthys californicus,California flounder,FALSE
West Coast Annual,Paraliparis cephalus,Swellhead snailfish,FALSE
West Coast Annual,Paraliparis dactylosus,Red snailfish,FALSE
West Coast Annual,Paralithodes californiensis,California king crab,FALSE
West Coast Annual,Paralithodes rathbuni,NA,FALSE
West Coast Annual,Paralomis multispina,NA,FALSE
West Coast Annual,Parastichopus californicus,giant California sea cucumber,FALSE
West Coast Annual,Parastichopus leukothele,giant orange sea cucumber,FALSE
West Coast Annual,Parmaturus xaniurus,Filetail catshark,FALSE
West Coast Annual,Parophrys vetulus,English sole,FALSE
West Coast Annual,Pasiphaea pacifica,Pacific glass shrimp,FALSE
West Coast Annual,Pasiphaea tarda,crimson pasiphaeid,FALSE
West Coast Annual,Patinopecten caurinus,weathervane scallop,FALSE
West Coast Annual,Pennatulacea spp.,sea panzies,FALSE
West Coast Annual,Peprilus simillimus,Pacific pompano,FALSE
West Coast Annual,Periphylla periphylla,NA,FALSE
West Coast Annual,Phacellophora,NA,FALSE
West Coast Annual,Philine bakeri,NA,FALSE
West Coast Annual,Physiculus rastrelliger,Hundred fathom mora,FALSE
West Coast Annual,Pisaster brevispinus,giant pink sea star,FALSE
West Coast Annual,Platichthys stellatus,starry flounder,FALSE
West Coast Annual,Platymera gaudichaudii,armed box crab,FALSE
West Coast Annual,Pleurobranchaea californica,nudibranch,FALSE
West Coast Annual,Pleuronichthys decurrens,curlfin sole,FALSE
West Coast Annual,Pleuronichthys verticalis,hornyhead turbot,FALSE
West Coast Annual,Polychaeta spp.,polychaetes,FALSE
West Coast Annual,Poraniopsis inflata,spiny sea star,FALSE
West Coast Annual,Porichthys notatus,plainfin midshipman,FALSE
West Coast Annual,Porifera spp.,sponges,FALSE
West Coast Annual,Psettichthys melanostictus,Pacific sand sole,FALSE
West Coast Annual,Pseudarchaster,NA,FALSE
West Coast Annual,Pseudarchaster alascensis,Alaskan scarlet star,FALSE
West Coast Annual,Pseudostichopus mollis,sea cucumber,FALSE
West Coast Annual,Psolus squamatus,NA,FALSE
West Coast Annual,Psychrolutes phrictus,Blob sculpin,FALSE
West Coast Annual,Pteraster,NA,FALSE
West Coast Annual,Pteraster jordani,Jordan's cushion star,FALSE
West Coast Annual,Pteraster militaris,wrinkled star,FALSE
West Coast Annual,Pteraster tesselatus,cushion star,FALSE
West Coast Annual,Ptilosarcus gurneyi,Gurney's sea pen,FALSE
West Coast Annual,Pugettia richii,cryptic kelp crab,FALSE
West Coast Annual,Purple striated anemone,Purple striated anemone,FALSE
West Coast Annual,Pycnopodia helianthoides,sunflower sea star,FALSE
West Coast Annual,Pyrosoma atlanticum,NA,FALSE
West Coast Annual,Radulinus asprellus,slim sculpin,FALSE
West Coast Annual,Raja binoculata,big skate,FALSE
West Coast Annual,Raja inornata,California ray,FALSE
West Coast Annual,Raja rhina,longnose skate,FALSE
West Coast Annual,Raja stellulata,starry skate,FALSE
West Coast Annual,Rathbunaster californicus,deep-sea sun star,FALSE
West Coast Annual,Red striated,NA,FALSE
West Coast Annual,Ronquilus jordani,northern ronquil,FALSE
West Coast Annual,Rossellinae spp.,sea spunge,FALSE
West Coast Annual,Rossia pacifica,eastern pacific bobtail,FALSE
West Coast Annual,Sagamichthys abei,Shining tubeshoulder,FALSE
West Coast Annual,Sagenaster evermanni,sea star,FALSE
West Coast Annual,Sardinops sagax,South American pilchard,FALSE
West Coast Annual,Scyphozoa spp.,jellyfishes,FALSE
West Coast Annual,Sebastes,NA,FALSE
West Coast Annual,Sebastes alutus,Pacific ocean perch,FALSE
West Coast Annual,Sebastes auriculatus,brown rockfish,FALSE
West Coast Annual,Sebastes aurora,aurora rockfish,FALSE
West Coast Annual,Sebastes babcocki,redbanded rockfish,FALSE
West Coast Annual,Sebastes brevispinis,silvergray rockfish,FALSE
West Coast Annual,Sebastes caurinus,copper rockfish,FALSE
West Coast Annual,Sebastes chlorostictus,greenspotted rockfish,FALSE
West Coast Annual,Sebastes constellatus,Starry rockfish,FALSE
West Coast Annual,Sebastes crameri,darkblotched rockfish,FALSE
West Coast Annual,Sebastes dallii,Calico rockfish,FALSE
West Coast Annual,Sebastes diploproa,splitnose rockfish,FALSE
West Coast Annual,Sebastes elongatus,greenstriped rockfish,FALSE
West Coast Annual,Sebastes ensifer,Swordspine rockfish,FALSE
West Coast Annual,Sebastes entomelas,widow rockfish,FALSE
West Coast Annual,Sebastes flavidus,yellowtail rockfish,FALSE
West Coast Annual,Sebastes goodei,chilipepper,FALSE
West Coast Annual,Sebastes helvomaculatus,rosethorn rockfish,FALSE
West Coast Annual,Sebastes hopkinsi,squarespot rockfish,FALSE
West Coast Annual,Sebastes jordani,shortbelly rockfish,FALSE
West Coast Annual,Sebastes levis,cowcod,FALSE
West Coast Annual,Sebastes maliger,quillback rockfish,FALSE
West Coast Annual,Sebastes melanostomus,blackgill rockfish,FALSE
West Coast Annual,Sebastes paucispinis,bocaccio,FALSE
West Coast Annual,Sebastes pinniger,canary rockfish,FALSE
West Coast Annual,Sebastes proriger,redstripe rockfish,FALSE
West Coast Annual,Sebastes rosaceus,Rosy rockfish,FALSE
West Coast Annual,Sebastes rosenblatti,Greenblotched rockfish,FALSE
West Coast Annual,Sebastes ruberrimus,rasphead rockfish,FALSE
West Coast Annual,Sebastes rubrivinctus,Flag rockfish,FALSE
West Coast Annual,Sebastes rufus,bank rockfish,FALSE
West Coast Annual,Sebastes saxicola,stripetail rockfish,FALSE
West Coast Annual,Sebastes semicinctus,halfbanded rockfish,FALSE
West Coast Annual,Sebastes sp.,NA,FALSE
West Coast Annual,Sebastes wilsoni,pygmy rockfish,FALSE
West Coast Annual,Sebastes zacentrus,sharpchin rockfish,FALSE
West Coast Annual,Sebastolobus alascanus,shortspine thornyhead,FALSE
West Coast Annual,Sebastolobus altivelis,longspine thornyhead,FALSE
West Coast Annual,Sergestes,NA,FALSE
West Coast Annual,Sergestes similis,midwater shrimp,FALSE
West Coast Annual,Sicyonia ingentis,ridgeback rock shrimp,FALSE
West Coast Annual,Sicyonis,NA,FALSE
West Coast Annual,Sipuncula spp.,peanut worms,FALSE
West Coast Annual,Solaster,NA,FALSE
West Coast Annual,Solaster exiguus,NA,FALSE
West Coast Annual,Somniosus pacificus,Pacific sleeper shark,FALSE
West Coast Annual,Spatangus californicus,NA,FALSE
West Coast Annual,Spirinchus starksi,night smelt,FALSE
West Coast Annual,Squalus suckleyi,Pacific spiny dogfish,FALSE
West Coast Annual,Stegophiura ponderosa,sea star,FALSE
West Coast Annual,Stenobrachius leucopsarus,northern lampfish,FALSE
West Coast Annual,Sternoptychidae,NA,FALSE
West Coast Annual,Stomias atriventer,Black-belly dragonfish,FALSE
West Coast Annual,Stomphia,NA,FALSE
West Coast Annual,Strongylocentrotus,NA,FALSE
West Coast Annual,Strongylocentrotus cf.,NA,FALSE
West Coast Annual,Stylasterias forreri,velcro star,FALSE
West Coast Annual,Synallactidae,NA,FALSE
West Coast Annual,Synodus lucioceps,California lizardfish,FALSE
West Coast Annual,Tactostoma macropus,longfin dragonfish,FALSE
West Coast Annual,Talismania bifurcata,Threadfin slickhead,FALSE
West Coast Annual,Taonius pavo,NA,FALSE
West Coast Annual,Tarletonbeania crenularis,Blue lanternfish,FALSE
West Coast Annual,Terebratellacea spp.,brachiopod,FALSE
West Coast Annual,Teuthida,NA,FALSE
West Coast Annual,Thaleichthys pacificus,eulachon,FALSE
West Coast Annual,Thaliacea spp.,pelagic tunicates,FALSE
West Coast Annual,Thetys vagina,virgin salpa,FALSE
West Coast Annual,Thrissacanthias penicillatus,sea star,FALSE
West Coast Annual,Torpedo californica,Pacific electric ray,FALSE
West Coast Annual,Trachipterus altivelis,King-of-the-salmon,FALSE
West Coast Annual,Trachurus symmetricus,jack mackerel,FALSE
West Coast Annual,Tritonia diomedea,rosy tritonia,FALSE
West Coast Annual,Tube worm,NA,FALSE
West Coast Annual,Tunicata spp.,tunicates,FALSE
West Coast Annual,Unsorted shab,NA,FALSE
West Coast Annual,Urticina,NA,FALSE
West Coast Annual,Urticina columbiana,crusty red anemone,FALSE
West Coast Annual,Urticina crassicornis,mottled anemone,FALSE
West Coast Annual,Vampyroteuthis infernalis,vampire squid,FALSE
West Coast Annual,Xeneretmus latifrons,blacktip poacher,FALSE
West Coast Annual,Zalembius rosaceus,pink seaperch,FALSE
West Coast Annual,Zaniolepis frenata,Shortspine combfish,FALSE
West Coast Annual,Zaniolepis latipinnis,longspine combfish,FALSE
West Coast Annual,Zoarcidae,NA,FALSE
West Coast Annual,NA,NA,FALSE
West Coast Triennial,Actiniaria spp.,anemones,FALSE
West Coast Triennial,Allosmerus elongatus,whitebait smelt,FALSE
West Coast Triennial,Alosa sapidissima,American shad,FALSE
West Coast Triennial,Anarrhichthys ocellatus,wolf-eel,FALSE
West Coast Triennial,Anoplopoma fimbria,sablefish,FALSE
West Coast Triennial,Aphroditidae spp.,sea mice,FALSE
West Coast Triennial,Apristurus brunneus,brown cat shark,FALSE
West Coast Triennial,Argentina sialis,Pacific argentine,FALSE
West Coast Triennial,Asterozoa spp.,sea stars,FALSE
West Coast Triennial,Atheresthes stomias,arrowtooth flounder,FALSE
West Coast Triennial,Bathyraja spp.,roughtail skate,FALSE
West Coast Triennial,Berryteuthis magister,magister armhook squid,FALSE
West Coast Triennial,Brachiopoda spp.,brachiopods,FALSE
West Coast Triennial,Cancer productus,red rock crab,FALSE
West Coast Triennial,Careproctus melanurus,blacktail snailfish,FALSE
West Coast Triennial,Chilara taylori,spotted cusk-eel,FALSE
West Coast Triennial,Citharichthys sordidus,Pacific sanddab,FALSE
West Coast Triennial,Clupea pallasii,Pacific herring,FALSE
West Coast Triennial,Cottidae spp.,sculpins,FALSE
West Coast Triennial,Cryptacanthodes giganteus,giant wrymouth,FALSE
West Coast Triennial,Decapodiformes spp.,squids,FALSE
West Coast Triennial,Echinacea spp.,sea urchin,FALSE
West Coast Triennial,Engraulis mordax,northern anchovy,FALSE
West Coast Triennial,Eopsetta jordani,petrale sole,FALSE
West Coast Triennial,Fusitriton oregonensis,Oregon triton,FALSE
West Coast Triennial,Gadus chalcogrammus,walleye pollock,FALSE
West Coast Triennial,Gadus macrocephalus,Pacific cod,FALSE
West Coast Triennial,Galeorhinus galeus,tope shark,FALSE
West Coast Triennial,Gastropoda spp.,gastropods,FALSE
West Coast Triennial,Genyonemus lineatus,white croaker,FALSE
West Coast Triennial,Glyptocephalus zachirus,rex sole,FALSE
West Coast Triennial,Gorgonocephalus eucnemis,basket star,FALSE
West Coast Triennial,Hexagrammos decagrammus,kelp greenling,FALSE
West Coast Triennial,Hexanchus griseus,bluntnose sixgill shark,FALSE
West Coast Triennial,Hippoglossoides elassodon,flathead sole,FALSE
West Coast Triennial,Hippoglossus stenolepis,Pacific halibut,FALSE
West Coast Triennial,Holothuroidea spp.,sea cucumbers,FALSE
West Coast Triennial,Hydrolagus colliei,spotted ratfish,FALSE
West Coast Triennial,Icelinus filamentosus,threadfin sculpin,FALSE
West Coast Triennial,Isopsetta isolepis,butter sole,FALSE
West Coast Triennial,Lepidopsetta spp.,rock soles,FALSE
West Coast Triennial,Leptocottus armatus,Pacific staghorn sculpin,FALSE
West Coast Triennial,Liparidae spp.,snailfishes,FALSE
West Coast Triennial,Loligo opalescens,California market squid,FALSE
West Coast Triennial,Lopholithodes foraminatus,brown box crab,FALSE
West Coast Triennial,Lycodes cortezianus,bigfin eelpout,FALSE
West Coast Triennial,Lycodes diapterus,black eelpout,FALSE
West Coast Triennial,Lycodes pacificus,blackbelly eelpout,FALSE
West Coast Triennial,Lyopsetta exilis,slender sole,FALSE
West Coast Triennial,Merluccius productus,Pacific hake,FALSE
West Coast Triennial,Metacarcinus magister,dungeness crab,FALSE
West Coast Triennial,Microgadus proximus,Pacific tomcod,FALSE
West Coast Triennial,Microstomus pacificus,Dover sole,FALSE
West Coast Triennial,Moroteuthis robusta,robust clubhook squid,FALSE
West Coast Triennial,Myctophidae spp.,lanternfishes,FALSE
West Coast Triennial,Nudibranchia spp.,nudibranchs,FALSE
West Coast Triennial,Octopodidae spp.,octopuses,FALSE
West Coast Triennial,Oncorhynchus kisutch,coho salmon,FALSE
West Coast Triennial,Oncorhynchus tshawytscha,Chinook salmon,FALSE
West Coast Triennial,Ophiodon elongatus,lingcod,FALSE
West Coast Triennial,Paguridae spp.,right-handed hermit crabs,FALSE
West Coast Triennial,Pandalopsis dispar,sidestripe shrimp,FALSE
West Coast Triennial,Pandalus jordani,ocean shrimp,FALSE
West Coast Triennial,Pandalus platyceros,spot shrimp,FALSE
West Coast Triennial,Parastichopus californicus,giant California sea cucumber,FALSE
West Coast Triennial,Parophrys vetulus,English sole,FALSE
West Coast Triennial,Pennatulacea spp.,sea panzies,FALSE
West Coast Triennial,Peprilus simillimus,Pacific pompano,FALSE
West Coast Triennial,Platichthys stellatus,starry flounder,FALSE
West Coast Triennial,Pleuronichthys decurrens,curlfin sole,FALSE
West Coast Triennial,Porichthys notatus,plainfin midshipman,FALSE
West Coast Triennial,Porifera spp.,sponges,FALSE
West Coast Triennial,Psettichthys melanostictus,Pacific sand sole,FALSE
West Coast Triennial,Pycnopodia helianthoides,sunflower sea star,FALSE
West Coast Triennial,Raja binoculata,big skate,FALSE
West Coast Triennial,Raja inornata,California ray,FALSE
West Coast Triennial,Raja rhina,longnose skate,FALSE
West Coast Triennial,Rossia pacifica,eastern pacific bobtail,FALSE
West Coast Triennial,Scyphozoa spp.,jellyfishes,FALSE
West Coast Triennial,Sebastes alutus,Pacific ocean perch,FALSE
West Coast Triennial,Sebastes auriculatus,brown rockfish,FALSE
West Coast Triennial,Sebastes aurora,aurora rockfish,FALSE
West Coast Triennial,Sebastes babcocki,redbanded rockfish,FALSE
West Coast Triennial,Sebastes borealis,shortraker rockfish,FALSE
West Coast Triennial,Sebastes brevispinis,silvergray rockfish,FALSE
West Coast Triennial,Sebastes caurinus,copper rockfish,FALSE
West Coast Triennial,Sebastes chlorostictus,greenspotted rockfish,FALSE
West Coast Triennial,Sebastes crameri,darkblotched rockfish,FALSE
West Coast Triennial,Sebastes diploproa,splitnose rockfish,FALSE
West Coast Triennial,Sebastes elongatus,greenstriped rockfish,FALSE
West Coast Triennial,Sebastes entomelas,widow rockfish,FALSE
West Coast Triennial,Sebastes flavidus,yellowtail rockfish,FALSE
West Coast Triennial,Sebastes goodei,chilipepper,FALSE
West Coast Triennial,Sebastes helvomaculatus,rosethorn rockfish,FALSE
West Coast Triennial,Sebastes jordani,shortbelly rockfish,FALSE
West Coast Triennial,Sebastes levis,cowcod,FALSE
West Coast Triennial,Sebastes maliger,quillback rockfish,FALSE
West Coast Triennial,Sebastes melanops,black rockfish,FALSE
West Coast Triennial,Sebastes melanostomus,blackgill rockfish,FALSE
West Coast Triennial,Sebastes paucispinis,bocaccio,FALSE
West Coast Triennial,Sebastes pinniger,canary rockfish,FALSE
West Coast Triennial,Sebastes proriger,redstripe rockfish,FALSE
West Coast Triennial,Sebastes reedi,yellowmouth rockfish,FALSE
West Coast Triennial,Sebastes ruberrimus,rasphead rockfish,FALSE
West Coast Triennial,Sebastes rufus,bank rockfish,FALSE
West Coast Triennial,Sebastes saxicola,stripetail rockfish,FALSE
West Coast Triennial,Sebastes spp.,rockfishes,FALSE
West Coast Triennial,Sebastes wilsoni,pygmy rockfish,FALSE
West Coast Triennial,Sebastes zacentrus,sharpchin rockfish,FALSE
West Coast Triennial,Sebastolobus alascanus,shortspine thornyhead,FALSE
West Coast Triennial,Solaster spp.,sea stars,FALSE
West Coast Triennial,Squalus suckleyi,Pacific spiny dogfish,FALSE
West Coast Triennial,Thaleichthys pacificus,eulachon,FALSE
West Coast Triennial,Thaliacea spp.,pelagic tunicates,FALSE
West Coast Triennial,Torpedo californica,Pacific electric ray,FALSE
West Coast Triennial,Trachurus symmetricus,jack mackerel,FALSE
West Coast Triennial,Xeneretmus latifrons,blacktip poacher,FALSE
West Coast Triennial,Zalembius rosaceus,pink seaperch,FALSE
West Coast Triennial,Zaniolepis latipinnis,longspine combfish,FALSE
