"SCINAME"	"SVSPP"	"ITISSPP"	"COMNAME"	"AUTHOR"
"UNIDENTIFIED FISH"	0	NA	"UNCLASSIFIED FISH"	NA
"MYXINE GLUTINOSA"	1	159772	"ATLANTIC HAGFISH"	"Linnaeus, 1758"
"PETROMYZON MARINUS"	2	159722	"SEA LAMPREY"	"Linnaeus, 1758"
"CARCHARHINUS OBSCURUS"	3	160268	"DUSKY SHARK"	"(Lesueur, 1818)"
"DASYATIS CENTROURA"	4	160952	"ROUGHTAIL STINGRAY"	"(Mitchill, 1815)"
"RAJIFORMES"	5	160806	"RAY AND SKATE UNCL"	NA
"CETORHINUS MAXIMUS"	6	159907	"BASKING SHARK"	"(Gunner, 1765)"
"CENTROSCYLLIUM FABRICII"	7	160703	"BLACK DOGFISH"	"(Reinhardt, 1825)"
"ETMOPTERUS PRINCEPS"	8	160659	"ROUGH SAGRE"	"Collett, 1904"
"CARCHARHINUS PLUMBEUS"	9	160289	"SANDBAR SHARK"	"(Nardo, 1827)"
"SELACHIMORPHA"	11	NA	"SHARK UNCL"	NA
"CARCHARIAS TAURUS"	12	159888	"SAND TIGER"	NA
"MUSTELUS CANIS"	13	160230	"SMOOTH DOGFISH"	"(Mitchill, 1815)"
"SCYLIORHINUS RETIFER"	14	160060	"CHAIN DOGFISH"	"(Garman, 1881)"
"SQUALUS ACANTHIAS"	15	160617	"SPINY DOGFISH"	"Linnaeus, 1758"
"SQUATINA DUMERIL"	16	160787	"ATLANTIC ANGEL SHARK"	"Lesueur, 1818"
"PRIONACE GLAUCA"	17	160424	"BLUE SHARK"	"(Linnaeus, 1758)"
"DASYATIS SAY"	18	160954	"BLUNTNOSE STINGRAY"	"(Lesueur, 1817)"
"MYLIOBATIS FREMINVILLEI"	19	160980	"BULLNOSE RAY"	"Lesueur, 1824 (syn)"
"RAJA "	20	160846	"OCELLATE SKATES"	NA
"TORPEDO NOBILIANA"	21	160834	"ATLANTIC TORPEDO"	"Bonaparte, 1835"
"DIPTURUS LAEVIS"	22	564139	"BARNDOOR SKATE"	"(Mitchill, 1818)"
"LEUCORAJA OCELLATA"	23	564145	"WINTER SKATE"	"(Mitchill, 1815)"
"RAJA EGLANTERIA"	24	160855	"CLEARNOSE SKATE"	"Bosc, 1800"
"LEUCORAJA GARMANI"	25	564136	"ROSETTE SKATE"	"(Whitley, 1939)"
"LEUCORAJA ERINACEA"	26	564130	"LITTLE SKATE"	"(Mitchill, 1825)"
"MALACORAJA SENTA"	27	564151	"SMOOTH SKATE"	"(Garman, 1885)"
"AMBLYRAJA RADIATA"	28	564149	"THORNY SKATE"	"(Donovan, 1808)"
"DASYATIS AMERICANA"	29	160951	"SOUTHERN STINGRAY"	"Hildebrand and Schroeder, 1928"
"CLUPEIDAE"	30	161700	"HERRING UNCL"	NA
"ETRUMEUS TERES"	31	161743	"ROUND HERRING"	"(De Kay, 1842)"
"CLUPEA HARENGUS"	32	161722	"ATLANTIC HERRING"	"Linnaeus, 1758"
"ALOSA PSEUDOHARENGUS"	33	161706	"ALEWIFE"	"(Wilson in Rees, 1811)"
"ALOSA AESTIVALIS"	34	161703	"BLUEBACK HERRING"	"(Mitchill, 1814)"
"ALOSA SAPIDISSIMA"	35	161702	"AMERICAN SHAD"	"(Wilson in Rees, 1811)"
"BREVOORTIA TYRANNUS"	36	161732	"ATLANTIC MENHADEN"	"(Latrobe, 1802)"
"ALOSA MEDIOCRIS"	37	161704	"HICKORY SHAD"	"(Mitchill, 1814)"
"MALLOTUS VILLOSUS"	38	162035	"CAPELIN"	"(Mueller, 1776)"
"ALEPOCEPHALIDAE "	39	162303	"SLICKHEADS"	NA
"ANCHOA MITCHILLI"	43	161839	"BAY ANCHOVY"	"(Valenciennes in Cuvier and Valenciennes, 1848)"
"ANCHOA HEPSETUS"	44	161838	"STRIPED ANCHOVY"	"(Linnaeus, 1758)"
"OSMERUS MORDAX"	45	162041	"RAINBOW SMELT"	"(Mitchill, 1814)"
"ARGENTINA SILUS"	46	162064	"ATLANTIC ARGENTINE"	"Ascanius, 1775"
"CHLOROPHTHALMIDAE"	47	162427	"GREENEYE UNCL"	NA
"BENTHOSEMA GLACIALE"	51	162680	"GLACIER LANTERNFISH"	"(Reinhardt, 1837)"
"LAMPANYCTUS "	52	162632	"MADEIRA LANTERNFISH"	NA
"CERATOSCOPELUS MADERENSIS"	54	162578	"HORNED LANTERNFISH"	"(Lowe, 1839)"
"MYCTOPHUM PUNCTATUM"	55	162723	"SPOTTED LANTERNFISH"	"Rafinesque, 1810"
"MYCTOPHIDAE"	56	162575	"LANTERNFISH UNCL"	NA
"HYGOPHUM TAANINGI"	57	162701	NA	"Bekker, 1965"
"NOTOSCOPELUS RESPLENDENS"	58	162654	"PATCHWORK LAMPFISH"	"(Richardson, 1845)"
"GONICHTHYS COCCOI"	59	162712	NA	"(Cocco, 1829)"
"ANGUILLIFORMES"	60	161123	"EEL UNCL"	NA
"DIAPHUS "	61	162583	"HEADLIGHTFISH UNCL"	NA
"CONGER OCEANICUS"	63	161326	"CONGER EEL"	"(Mitchill, 1814)"
"SIMENCHELYS PARASITICA "	64	161594	"SNUBNOSE EEL"	NA
"OPHICHTHUS CRUENTIFER"	65	161473	"MARGINED SNAKE EEL"	"(Goode and Bean, 1896)"
"HYPORHAMPHUS UNIFASCIATUS"	66	165474	"SILVERSTRIPE HALFBEAK"	"(Ranzani, 1842)"
"NEMICHTHYS SCOLOPACEUS"	67	161624	"SLENDER SNIPE EEL"	"Richardson, 1848"
"ABLENNES HIANS"	68	165548	"FLAT NEEDLEFISH"	"(Valenciennes, 1846)"
"MERLUCCIUS ALBIDUS"	69	164793	"OFFSHORE HAKE"	"(Mitchill, 1818)"
"GADELLA IMBERBIS"	70	550669	"BEARDLESS CODLING"	"(Vaillant, 1888)"
"MERLUCCIUS BILINEARIS"	72	164791	"SILVER HAKE"	"(Mitchill, 1814)"
"GADUS MORHUA"	73	164712	"ATLANTIC COD"	"Linnaeus, 1758"
"MELANOGRAMMUS AEGLEFINUS"	74	164744	"HADDOCK"	"(Linnaeus, 1758)"
"POLLACHIUS VIRENS"	75	164727	"POLLOCK"	"(Linnaeus, 1758)"
"UROPHYCIS TENUIS"	76	164732	"WHITE HAKE"	"(Mitchill, 1814)"
"UROPHYCIS CHUSS"	77	164730	"RED HAKE"	"(Walbaum, 1792)"
"UROPHYCIS REGIA"	78	164731	"SPOTTED HAKE"	"(Walbaum, 1792)"
"UROPHYCIS CHESTERI"	79	164733	"LONGFIN HAKE"	"(Goode and Bean, 1878)"
"GADIDAE"	80	164701	"HAKE UNCL"	"Rafinesque, 1810"
"ANTIMORA ROSTRATA"	81	164672	"BLUE HAKE"	"(Guenther, 1878)"
"PHYSICULUS FULVUS"	82	550838	"METALLIC CODLING"	"Bean, 1885"
"ENCHELYOPUS CIMBRIUS"	83	164748	"FOURBEARD ROCKLING"	"(Linnaeus, 1776)"
"BROSME BROSME"	84	164740	"CUSK"	"(Ascanius, 1772)"
"GAIDROPSARUS ENSIS"	85	164769	"THREEBEARD ROCKLING"	"(Reinhardt, 1837)"
"MERLUCCIUS "	86	164790	"HAKES"	NA
"UROPHYCIS "	87	164729	"CODLINGS"	NA
"MORIDAE"	88	164670	"MORA UNCL"	"Moreau, 1881"
"MACROURIDAE"	90	165332	"GRENADIER UNCL"	"Gilbert and Hubbs, 1916"
"NEZUMIA BAIRDII "	91	165395	"MARLIN-SPIKE"	NA
"MACROURUS BERGLAX"	92	165421	"ROUGHHEAD GRENADIER"	"Lacepede, 1810"
"CAELORINCHUS CAELORHINCUS CARMINATUS "	93	623199	"LONGNOSE GRENADIER"	NA
"POECILOPSETTA BEANI"	98	172938	"DEEPWATER DAB"	NA
"REINHARDTIUS HIPPOGLOSSOIDES"	99	172930	"GREENLAND HALIBUT"	"(Walbaum, 1792)"
"PLEURONECTIFORMES"	100	172702	"FLOUNDER UNCL"	NA
"HIPPOGLOSSUS HIPPOGLOSSUS"	101	172933	"ATLANTIC HALIBUT"	"(Linnaeus, 1758)"
"HIPPOGLOSSOIDES PLATESSOIDES"	102	172877	"AMERICAN PLAICE"	"(Fabricius, 1780)"
"PARALICHTHYS DENTATUS"	103	172735	"SUMMER FLOUNDER"	"(Linnaeus, 1766)"
"PARALICHTHYS OBLONGUS"	104	172739	"FOURSPOT FLOUNDER"	"(Mitchill, 1815)"
"LIMANDA FERRUGINEA "	105	172909	"YELLOWTAIL FLOUNDER"	NA
"PSEUDOPLEURONECTES AMERICANUS "	106	172905	"WINTER FLOUNDER"	NA
"GLYPTOCEPHALUS CYNOGLOSSUS"	107	172873	"WITCH FLOUNDER"	"(Linnaeus, 1758)"
"SCOPHTHALMUS AQUOSUS"	108	172746	"WINDOWPANE"	"(Mitchill, 1815)"
"CITHARICHTHYS ARCTIFRONS"	109	172719	"GULF STREAM FLOUNDER"	"Goode, 1880"
"MONOLENE SESSILICAUDA"	110	172789	"DEEPWATER FLOUNDER"	"Goode, 1880"
"MACRORHAMPHOSUS SCOLOPAX"	111	166423	"LONGSPINE SNIPEFISH"	"(Linnaeus, 1758) (syn)"
"ZENOPSIS CONCHIFERA"	112	166284	"BUCKLER DORY"	"(Lowe, 1852)"
"MENIDIA MENIDIA"	113	165994	"ATLANTIC SILVERSIDE"	"(Linnaeus, 1766)"
"SYNAGROPS BELLUS"	114	168335	"BLACKMOUTH BASS"	"Goode and Bean, 1896)"
"GASTEROSTEUS ACULEATUS"	115	166365	"THREESPINE STICKLEBACK"	"Linnaeus, 1758"
"SYNGNATHUS FUSCUS"	116	166451	"NORTHERN PIPEFISH"	"Storer, 1839"
"ETROPUS MICROSTOMUS"	117	172730	"SMALLMOUTH FLOUNDER"	"(Gill, 1864)"
"TRINECTES MACULATUS"	118	172982	"HOGCHOKER"	"(Bloch and Schneider, 1801)"
"AULOSTOMUS MACULATUS"	119	166411	"TRUMPETFISH"	"Valenciennes, 1845"
"FISTULARIA TABACARIA"	120	166416	"BLUESPOTTED CORNETFISH"	"Linnaeus, 1758"
"SCOMBER SCOMBRUS"	121	172414	"ATLANTIC MACKEREL"	"Linnaeus, 1758"
"SARDA SARDA"	123	172409	"ATLANTIC BONITO"	"(Bloch, 1793)"
"SCOMBER JAPONICUS"	124	172412	"CHUB MACKEREL"	"Houttuyn, 1782"
"ACANTHOCYBIUM SOLANDRI"	125	172451	"WAHOO"	"(Cuvier, 1831)"
"TRICHIURUS LEPTURUS"	126	172385	"ATLANTIC CUTLASSFISH"	"Linnaeus, 1758"
"PROMETHICHTHYS PROMETHEUS"	127	172374	"CONEJO"	"(Cuvier, 1832)"
"KATSUWONUS PELAMIS"	128	172401	"SKIPJACK TUNA"	"(Linnaeus, 1758)"
"CARANX CRYSOS"	129	168612	"BLUE RUNNER"	"(Mitchill, 1815)"
"TARACTICHTHYS LONGIPINNIS "	130	170311	"BIGSCALE POMFRET"	NA
"PEPRILUS TRIACANTHUS"	131	172567	"BUTTERFISH"	"(Peck, 1804)"
"SELENE SETAPINNIS"	132	168684	"ATLANTIC MOONFISH"	"(Mitchill, 1815)"
"SELENE VOMER"	133	168680	"LOOKDOWN"	"(Linnaeus, 1758)"
"PRIACANTHUS ARENATUS"	134	168178	"BIGEYE"	"Cuvier, 1829"
"POMATOMUS SALTATRIX"	135	168559	"BLUEFISH"	"(Linnaeus, 1766)"
"MICROPOGONIAS UNDULATUS"	136	169283	"ATLANTIC CROAKER"	"(Linnaeus, 1766)"
"SYNAGROPS SPINOSUS"	137	168337	"KEELCHEEK BASS"	"Schultz, 1940"
"APOGONIDAE"	138	168196	"CARDINALFISH UNCL"	NA
"MORONE SAXATILIS"	139	167680	"STRIPED BASS"	"(Walbaum in Artedi, 1792)"
"MORONE AMERICANA"	140	167678	"WHITE PERCH"	"(Gmelin in Linnaeus, 1789)"
"CENTROPRISTIS STRIATA"	141	167687	"BLACK SEA BASS"	"(Linnaeus, 1758)"
"ORTHOPRISTIS CHRYSOPTERA"	142	169077	"PIGFISH"	"(Linnaeus, 1766)"
"STENOTOMUS CHRYSOPS"	143	169182	"SCUP"	"(Linnaeus, 1766)"
"EPIGONUS PANDIONIS"	144	168297	NA	NA
"CYNOSCION REGALIS"	145	169241	"WEAKFISH"	"(Bloch and Schneider, 1801)"
"MENTICIRRHUS SAXATILIS"	146	169276	"NORTHERN KINGFISH"	"(Bloch and Schneider, 1801)"
"POGONIAS CROMIS"	147	169288	"BLACK DRUM"	"(Linnaeus, 1766)"
"BAIRDIELLA CHRYSOURA"	148	169259	"SILVER PERCH"	"(Lacepede, 1802)"
"LEIOSTOMUS XANTHURUS"	149	169267	"SPOT"	"Lacepede, 1802"
"HOWELLA SHERBORNI "	150	168333	"SHERBORN'S CARDINALFISH"	NA
"LOPHOLATILUS CHAMAELEONTICEPS"	151	168546	"TILEFISH"	"Goode and Bean, 1879"
"PONTINUS LONGISPINIS"	154	166801	"LONGSPINE SCORPIONFISH"	"Goode and Bean, 1896"
"SEBASTES FASCIATUS"	155	166774	"ACADIAN REDFISH"	"Storer, 1854"
"HELICOLENUS DACTYLOPTERUS"	156	166787	"BLACKBELLY ROSEFISH"	"(Delaroche, 1809)"
"ANTIGONIA CAPROS"	158	166311	"DEEPBODY BOARFISH"	"Lowe, 1843"
"ARTEDIELLUS "	159	167201	"HOOKEAR SCULPINS"	NA
"COTTIDAE"	160	167196	"SCULPIN UNCL"	NA
"TRIGLOPS MURRAYI"	161	167375	"MOUSTACHE SCULPIN"	"Guenther, 1888"
"MYOXOCEPHALUS SCORPIUS"	162	167318	"SHORTHORN SCULPIN"	"(Linnaeus, 1758)"
"MYOXOCEPHALUS OCTODECEMSPINOSUS"	163	167320	"LONGHORN SCULPIN"	"(Mitchill, 1814)"
"HEMITRIPTERUS AMERICANUS"	164	167289	"SEA RAVEN"	"(Gmelin, 1789)"
"ASPIDOPHOROIDES MONOPTERYGIUS"	165	167439	"ALLIGATORFISH"	"(Bloch, 1786)"
"MYOXOCEPHALUS AENAEUS"	166	167321	"GRUBBY"	"(Mitchill, 1814)"
"LIPARIS INQUILINUS"	167	167577	"INQUILINE SNAILFISH"	"Able, 1973"
"CYCLOPTERUS LUMPUS"	168	167612	"LUMPFISH"	"Linnaeus, 1758"
"EUMICROTREMUS SPINOSUS"	169	167545	"ATLANTIC SPINY LUMPSUCKER"	"(Mueller, 1777)"
"LIPARIS ATLANTICUS"	170	167576	"ATLANTIC SEASNAIL"	"(Jordan and Evermann, 1898)"
"PRIONOTUS CAROLINUS"	171	166974	"NORTHERN SEAROBIN"	"(Linnaeus, 1771)"
"PRIONOTUS EVOLANS"	172	166975	"STRIPED SEAROBIN"	"(Linnaeus, 1766)"
"PERISTEDION MINIATUM"	173	167010	"ARMORED SEAROBIN"	"Goode, 1880"
"TRIGLIDAE"	174	166972	"SEAROBIN UNCL"	NA
"DACTYLOPTERUS VOLITANS"	175	167624	"FLYING GURNARD"	"(Linnaeus, 1758)"
"TAUTOGOLABRUS ADSPERSUS"	176	170481	"CUNNER"	"(Walbaum, 1792)"
"TAUTOGA ONITIS"	177	170479	"TAUTOG"	"(Linnaeus, 1758)"
"ASTROSCOPUS GUTTATUS"	179	171055	"NORTHERN STARGAZER"	"Abbott, 1861"
"PHOLIS GUNNELLUS"	180	171645	"ROCK GUNNEL"	"(Linnaeus, 1758)"
"AMMODYTES DUBIUS"	181	171674	"NORTHERN SAND LANCE"	"Reinhardt, 1837"
"LUMPENUS LUMPRETAEFORMIS"	182	171588	"SNAKEBLENNY"	"(Walbaum, 1792)"
"LUMPENUS MACULATUS"	183	171584	"DAUBED SHANNY"	"(Fries, 1837)"
"ULVARIA SUBBIFURCATA"	184	171616	"RADIATED SHANNY"	"(Storer, 1839)"
"OPSANUS TAU"	185	164423	"OYSTER TOADFISH"	"(Linnaeus, 1766)"
"OTOPHIDIUM OMOSTIGMUM"	186	164859	"POLKA-DOT CUSK-EEL"	"(Jordan and Gilbert, 1882)"
"MULLUS AURATUS"	187	169417	"RED GOATFISH"	"Jordan and Gilbert, 1882"
"OPHIDION MARGINATUM"	188	164852	"STRIPED CUSK-EEL"	"(De Kay, 1842)"
"LYCODES RETICULATUS"	189	165280	"ARCTIC EELPOUT"	"Reinhardt, 1835"
"LYCENCHELYS VERRILLI"	190	165242	"WOLF EELPOUT"	"(Goode and Bean, 1877)"
"CRYPTACANTHODES MACULATUS"	191	171609	"WRYMOUTH"	"Storer, 1839"
"ANARHICHAS LUPUS"	192	171341	"ATLANTIC WOLFFISH"	"Linnaeus, 1758"
"MACROZOARCES AMERICANUS"	193	165318	"OCEAN POUT"	"(Schneider, 1801)"
"LEPOPHIDIUM PROFUNDORUM"	194	164831	"FAWN CUSK-EEL"	"(Gill, 1863)"
"LAGOCEPHALUS LAEVIGATUS"	195	173285	"SMOOTH PUFFER"	"(Linnaeus, 1766)"
"SPHOEROIDES MACULATUS"	196	173290	"NORTHERN PUFFER"	"(Bloch and Schneider, 1801)"
"LOPHIUS AMERICANUS"	197	164499	"GOOSEFISH"	"Valenciennes, 1837"
"CHILOMYCTERUS SCHOEPFI"	198	173384	"STRIPED BURRFISH"	"(Walbaum, 1792)"
"DIBRANCHUS ATLANTICUS"	199	164589	"ATLANTIC BATFISH"	"Peters, 1875"
"RHINOBATOS LENTIGINOSUS"	200	160815	"ATLANTIC GUITARFISH"	"(Garman, 1880)"
"MONACANTHUS HISPIDUS"	201	173182	"PLANEHEAD FILEFISH"	"(Linnaeus, 1766)"
"BALISTES CAPRISCUS"	202	173138	"GRAY TRIGGERFISH"	"Gmelin, 1789"
"SERIOLA DUMERILI"	203	168689	"GREATER AMBERJACK"	"(Risso, 1810)"
"SERIOLA ZONATA"	204	168693	"BANDED RUDDERFISH"	"(Mitchill, 1815)"
"SCOMBERESOX SAURUS"	205	165612	"ATLANTIC SAURY"	"(Walbaum, 1792)"
"OGCOCEPHALUS CORNIGER"	206	164584	"LONGNOSE BATFISH"	"Bradbury, 1980"
"HYPEROGLYPHE PERCIFORMIS"	207	172512	"BARRELFISH"	"(Mitchill, 1818)"
"DECAPTERUS MACARELLUS"	208	168724	"MACKEREL SCAD"	"(Cuvier, 1833)"
"SELAR CRUMENOPHTHALMUS"	209	168677	"BIGEYE SCAD"	"(Bloch, 1793)"
"DIAPHUS DUMERILI"	210	162594	"HEADLIGHTFISH"	"(Bleeker, 1856)"
"DECAPTERUS PUNCTATUS"	211	168725	"ROUND SCAD"	"(Cuvier, 1829)"
"TRACHURUS LATHAMI"	212	168587	"ROUGH SCAD"	"Nichols, 1920"
"ARIOMMA BONDI"	213	172537	"SILVER RAG"	"Fowler, 1930"
"TYLOSURUS CROCODILUS"	215	165577	"HOUNDFISH"	"(Peron and Lesueur, 1821)"
"SYMPHURUS "	221	173061	"STRAIGHTMOUTH TONGUEFISHES"	NA
"NESIARCHUS NASUTUS"	227	172370	"BLACK GEMFISH"	"Johnson, 1862"
"STOMIAS BOA"	228	162292	"BOA DRAGONFISH"	"(Risso, 1810)"
"MAUROLICUS WEITZMANI "	229	622356	"WEITZMANS PEARLSIDES"	NA
"CHLOROPHTHALMUS "	231	162428	NA	NA
"CHLOROPHTHALMUS AGASSIZI"	232	162430	"SHORTNOSE GREENEYE"	"Bonaparte, 1840"
"GONOSTOMA BATHYPHILUM"	233	162184	NA	NA
"GONOSTOMA ATLANTICUM"	234	162183	NA	NA
"GONOSTOMA ELONGATUM"	235	162185	"LONGTOOTH ANGLEMOUTH"	"Guenther"
"VINCIGUERRIA "	236	162192	NA	NA
"POLYMETME THAEOCORYLA "	237	622358	NA	NA
"BENTHODESMUS SIMONYI"	239	172380	"SIMONYS FROSTFISH"	"(Steindachner, 1891)"
"CHAULIODUS SLOANI"	240	162281	"VIPERFISH"	"Schneider"
"CHAULIODUS DANAE"	241	162280	NA	NA
"PARASUDIS TRUCULENTA"	242	162435	"LONGNOSE GREENEYE"	"Goode Bean"
"XENODERMICHTHYS COPEI"	243	162340	"BLUNTNOSE SMOOTHHEAD"	NA
"VINCIGUERRIA ATTENUATA"	244	162193	"SLENDER LIGHTFISH"	NA
"PARALEPIS COREGONOIDES"	245	162493	NA	"Risso, 1820"
"ARCTOZENUS RISSO "	246	644687	"WHITE BARRACUDINA"	NA
"STOMIIDAE"	248	162282	"SCALY DRAGONFISH UNCL"	NA
"CYCLOPTERIDAE"	249	167483	"LUMPFISH SNAILFISH UNCL"	NA
"ARGYROPELECUS ACULEATUS"	250	162215	"SILVER HATCHETFISH"	"Cuvier and Valenciennes"
"POLYIPNUS CLARUS "	251	622357	"SLOPE HATCHETFISH"	NA
"STERNOPTYCHIDAE"	252	162212	"HATCHETFISH UNCL"	NA
"CAREPROCTUS RANULA "	260	643676	NA	NA
"HOPLOSTETHUS MEDITERRANEUS"	261	166140	"BLACKMOUTHED ALFONSIN"	"Cuvier and Valenciennes"
"MELANOSTIGMA ATLANTICUM"	262	165296	"ATLANTIC SOFT POUT"	"Koefoed, 1952"
"POLYMIXIA LOWEI"	263	166126	"BEARDFISH"	"Guenther, 1859"
"POLYMIXIA NOBILIS"	264	166127	"STOUT BEARDFISH"	"Lowe"
"MOLA MOLA"	265	173414	"OCEAN SUNFISH"	"(Linnaeus, 1758)"
"HOPLOSTETHUS OCCIDENTALIS"	266	166141	NA	NA
"ZOARCIDAE"	267	165215	"EELPOUT UNCL"	NA
"GEPHYROBERYX DARWINI"	268	166137	"BIG ROUGHY"	"(Johnson, 1866)"
"RHINOPTERA BONASUS"	270	160985	"COWNOSE RAY"	"(Mitchill, 1815)"
"AETOBATUS NARINARI  "	271	160978	"SPOTTED EAGLE RAY"	NA
"MANTA BIROSTRIS"	272	160992	"MANTA"	"(Walbaum, 1792)"
"PRIONOTUS PARALATUS"	274	166987	"MEXICAN SEAROBIN"	"Ginsburg, 1950"
"MALACOCEPHALUS OCCIDENTALIS"	280	165390	"WESTERN SOFTHEAD GRENADIER"	"Goode and Bean, 1885"
"YARELLA BLACKFORDI"	281	162205	NA	NA
"SPIRONTOCARIS PHIPPSII"	285	96761	"PUNCTATE BLADE SHRIMP"	"(Kroyer, 1841)"
"SPIRONTOCARIS SPINUS"	286	96775	"PARROT SHRIMP"	"(Sowerby, 1805)"
"CRANGON SEPTEMSPINOSA"	287	97110	"SEVENSPINE BAY SHRIMP"	"Say, 1818"
"EUALUS FABRICII"	291	96805	"ARCTIC EUALID"	"(Kroyer, 1841)"
"PASIPHAEA MULTIDENTATA"	292	96166	"PINK GLASS SHRIMP"	"Esmark, 1866"
"LEBBEUS GROENLANDICUS"	293	96787	"SPINY LEBBEID"	"(Fabricius, 1775)"
"LEBBEUS POLARIS"	294	96792	"POLAR LEBBEID"	"(Sabine, 1821)"
"SPIRONTOCARIS LILJEBORGII"	295	96765	"FRIENDLY BLADE SHRIMP"	"(Danielssen, 1859)"
"DICHELOPANDALUS LEPTOCERUS"	296	97000	"BRISTLED LONGBEAK"	"(Smith, 1881)"
"PANDALUS MONTAGUI"	297	96971	"AESOP SHRIMP"	"Leach, 1814"
"PANDALUS PROPINQUUS"	298	96986	NA	"G. O. Sars, 1869"
"PONTOPHILUS NORVEGICUS"	299	97184	"NORWEGIAN SHRIMP"	"(M. Sars, 1861)"
"HOMARUS AMERICANUS"	301	97314	"AMERICAN LOBSTER"	"H. Milne-Edwards, 1837"
"SCYLLARIDES NODIFER"	302	97673	"RIDGED SLIPPER LOBSTER"	"(Stimpson, 1866)"
"SCYLLARIDES AEQUINOCTIALIS"	303	97676	"SPANISH SLIPPER LOBSTER"	"(Lund, 1793)"
"PANULIRUS ARGUS"	304	97648	"CARIBBEAN SPINY LOBSTER"	"(Latreille, 1804)"
"CRUSTACEA SHRIMP"	305	NA	"SHRIMP UNCL"	NA
"PANDALUS BOREALIS"	306	96967	"NORTHERN SHRIMP"	"Kroyer, 1838"
"PENAEUS "	307	95603	"SHRIMP (PINK -BROWN - WHITE)"	NA
"GERYON FENNERI"	308	98909	"GOLDEN DEEPSEA CRAB"	"Manning and Holthuis, 1984"
"GERYON AFFINIS"	309	98908	"WHITE CRAB"	NA
"GERYON QUINQUEDENS"	310	98906	"RED DEEPSEA CRAB"	"Smith, 1879"
"CANCRIDAE"	311	98670	"CANCER CRAB UNCL"	"Latreille, 1803"
"CANCER BOREALIS"	312	98678	"JONAH CRAB"	"Stimpson, 1859"
"CANCER IRRORATUS"	313	98679	"ATLANTIC ROCK CRAB"	"Say, 1817"
"CALLINECTES SAPIDUS"	314	98696	"BLUE CRAB"	"Rathbun, 1896"
"OVALIPES "	315	98710	"CALICO CRAB UNCL"	NA
"SICYONIA BREVIROSTRIS"	316	96028	"BROWN ROCK SHRIMP"	"Stimpson, 1871"
"MAJIDAE"	317	98417	"SPIDER CRAB UNCL"	"Samouelle, 1819"
"LIMULUS POLYPHEMUS"	318	82703	"HORSESHOE CRAB"	NA
"GALATHEIDAE"	319	97964	"GALATHEID UNCL"	"Samouelle, 1819"
"PORTUNIDAE"	320	98689	"SWIMMING CRAB UNCL"	"Rafinesque, 1815"
"OVALIPES STEPHENSONI"	321	98715	"COARSEHAND LADY CRAB"	"Williams, 1976"
"OVALIPES OCELLATUS"	322	98714	"LADY CRAB"	"(Herbst, 1799)"
"STOMATOPODA"	323	99140	"MANTIS SHRIMP UNCL"	"Latreille, 1817"
"LITHODES MAJA"	324	97943	"NORTHERN STONE CRAB"	"(Linnaeus, 1758)"
"CHIONOECETES OPILIO"	325	98428	"SNOW CRAB"	"(Fabricius, 1788)"
"CARCINUS MAENAS"	326	98734	"GREEN CRAB"	"(Linnaeus, 1758)"
"HEPATUS EPHELITICUS"	327	98348	"CALICO BOX CRAB"	"(Linnaeus, 1763)"
"CALAPPA FLAMMEA"	328	98342	"FLAME BOX CRAB"	"(Herbst, 1794)"
"CALAPPA SULCATA"	329	98343	"YELLOW BOX CRAB"	"Rathbun, 1898"
"CLYPEASTEROIDA"	330	157984	"SAND DOLLAR UNCL"	NA
"ECHINOIDEA"	331	157821	"SEA URCHIN AND SAND DOLLAR UNCL"	"Leske, 1778"
"STELLEROIDEA"	332	156858	"SEA STAR - BRITTLE STAR - AND BASKETS"	"Lamarck, 1816"
"ASTERIAS VULGARIS"	333	157219	"BOREAL ASTERIAS"	NA
"ASTROPECTEN "	334	156901	NA	NA
"PAGUROIDEA"	335	206947	"HERMIT CRAB UNCL"	"Latreille, 1803"
"BUSYCOTYPUS CANALICULATUS"	336	74096	"CHANNELED WHELK"	"(Linnaeus, 1758)"
"BUSYCON CARICA"	337	74071	"KNOBBED WHELK"	"(Gmelin, 1791)"
"NATICIDAE"	338	72878	"MOON SNAIL SHARK EYE AND BABY-EAR"	"Guilding, 1834"
"CALAPPIDAE"	339	98340	"BOX CRAB UNCL"	"De Haan, 1833"
"CHLAMYS ISLANDICA"	340	79619	"ICELAND SCALLOP"	"(Muller, 1776)"
"CHLAMYS ISLANDICA CLAPPER"	341	NA	"ICELAND SCALLOP CLAPPER"	NA
"MODIOLUS MODIOLUS"	342	79501	"NORTHERN HORSEMUSSEL"	"(Linnaeus, 1758)"
"MYTILUS EDULIS"	343	79454	"BLUE MUSSEL"	"Linnaeus, 1758"
"BUCCINUM UNDATUM"	344	73795	"WAVED WHELK"	"Linnaeus, 1758"
"NEPTUNEA DECEMCOSTATA"	345	74008	"TEN-RIDGED WHELK"	"(Say, 1826) (syn)"
"COLUS STIMPSONI"	346	73922	"STIMPSON'S WHELK"	"(Morch, 1867)"
"NASSARIUS "	347	74103	NA	NA
"EUSPIRA HEROS"	348	72985	"NORTHERN MOONSNAIL"	"(Say, 1822)"
"NEVERITA DUPLICATA"	349	72961	"SHARK EYE"	"(Say, 1822)"
"GINGLYMOSTOMA CIRRATUM"	350	159977	"NURSE SHARK"	"(Bonnaterre, 1788)"
"CARCHARODON CARCHARIAS"	351	159903	"WHITE SHARK"	"(Linnaeus, 1758)"
"ISURUS OXYRINCHUS"	352	159924	"SHORTFIN MAKO"	"Rafinesque, 1810"
"LAMNA NASUS"	353	159911	"PORBEAGLE SHARK"	"(Bonnaterre, 1788)"
"CARCHARHINUS ACRONOTUS"	354	160304	"BLACKNOSE SHARK"	"(Poey, 1860)"
"CARCHARHINUS FALCIFORMIS"	355	160310	"SILKY SHARK"	"(Muller and Henle, 1839)"
"CARCHARHINUS LEUCAS"	356	160275	"BULL SHARK"	"(Muller and Henle, 1839)"
"CARCHARHINUS LIMBATUS"	357	160318	"BLACKTIP SHARK"	"(Muller and Henle, 1839)"
"GALEOCERDO CUVIER"	358	160189	"TIGER SHARK"	"(Peron and Lesueur, 1822)"
"NEGAPRION BREVIROSTRIS"	359	160433	"LEMON SHARK"	"(Poey, 1868)"
"RHIZOPRIONODON TERRAENOVAE"	360	160200	"ATLANTIC SHARPNOSE SHARK"	"(Richardson, 1836)"
"CARCHARHINIDAE"	361	160178	"REQUIEM SHARK UNCL"	"Jordan and Evermann, 1896"
"SPHYRNA LEWINI"	362	160508	"SCALLOPED HAMMERHEAD SHARK"	"(Griffith and Smith, 1834)"
"SPHYRNA MOKARRAN"	363	160515	"GREAT HAMMERHEAD SHARK"	"(Ruppell, 1837)"
"SPHYRNA TIBURO"	364	160502	"BONNETHEAD SHARK"	"(Linnaeus, 1758)"
"SPHYRNA TUDES"	365	160519	"SMALLEYE HAMMERHEAD SHARK"	"(Valenciennes, 1822)"
"SPHYRNA ZYGAENA"	366	160505	"SMOOTH HAMMERHEAD SHARK"	"(Linnaeus, 1758)"
"NARCINE BRASILIENSIS"	367	160844	"LESSER ELECTRIC RAY"	"(Olfers, 1831)"
"RAJA ACKLEYI"	368	160859	"OCELLATE SKATE"	"Garman, 1881"
"DIPTURUS OLSENI"	370	564146	"SPREADFIN SKATE"	"(Bigelow and Schroeder, 1951)"
"BATHYRAJA SPINICAUDA"	371	160932	"SPINYTAIL SKATE"	"(Jensen, 1914)"
"RAJA TEXANA"	372	160875	"ROUNDEL SKATE"	"Chandler, 1921"
"DASYATIS SABINA"	373	160953	"ATLANTIC STINGRAY"	"(Lesueur, 1824)"
"DASYATIS VIOLACEA"	374	160950	"PELAGIC STINGRAY"	"(Bonaparte, 1832)"
"GYMNURA ALTAVELA"	375	160961	"SPINY BUTTERFLY RAY"	"(Linnaeus, 1758)"
"GYMNURA MICRURA"	376	160962	"SMOOTH BUTTERFLY RAY"	"(Bloch and Schneider, 1801)"
"UROLOPHUS JAMAICENSIS"	377	160965	"YELLOW STINGRAY"	"(Cuvier, 1816)"
"MYLIOBATIS GOODEI"	378	160982	"SOUTHERN EAGLE RAY"	"Garman, 1885"
"ACIPENSER BREVIROSTRUM"	379	161069	"SHORTNOSE STURGEON"	"Lesueur, 1818"
"ACIPENSER OXYRHYNCHUS"	380	573257	"ATLANTIC STURGEON"	"Mitchill, 1815"
"ELOPS SAURUS"	381	161111	"LADYFISH"	"Linnaeus, 1766"
"MEGALOPS ATLANTICUS"	382	161116	"TARPON"	"Valenciennes in Cuvier and Valenciennes, 1847"
"ALBULA VULPES"	383	161121	"BONEFISH"	"(Linnaeus, 1758)"
"ANGUILLA ROSTRATA"	384	161127	"AMERICAN EEL"	"(Lesueur, 1817)"
"ANARCHIAS SIMILIS"	385	161169	"PYGMY MORAY"	"(Lea, 1913)"
"GYMNOTHORAX MORINGA"	386	161188	"SPOTTED MORAY"	"(Cuvier, 1829)"
"GYMNOTHORAX NIGROMARGINATUS"	387	161189	"BLACKEDGE MORAY"	"(Girard, 1859)"
"MURAENIDAE"	388	161160	"MORAY UNCL"	NA
"ARIOSOMA BALEARICUM"	389	161344	"BANDTOOTH CONGER"	"(Delaroche, 1809)"
"CONGRIDAE"	390	161324	"CONGER EEL UNCL"	NA
"CALLECHELYS GUINIENSIS"	391	161435	"SHORTTAIL SNAKE EEL"	"(Osorio, 1894)"
"LETHARCHUS VELIFER"	392	161441	"SAILFIN EEL"	"Goode and Bean, 1882"
"MYROPHIS PUNCTATUS"	393	161453	"SPECKLED WORM EEL"	"Luetken, 1852"
"ECHIOPHIS INTERTINCTUS"	394	161551	"SPOTTED SPOON-NOSE EEL"	"(Richardson, 1848)"
"OPHICHTHUS GOMESI"	395	161462	"SHRIMP EEL"	"(Castlenau, 1855)"
"OPHICHTHUS PUNCTICEPS"	396	161481	"PALESPOTTED EEL"	"(Kaup, 1860)"
"APTERICHTUS ANSP"	397	161534	"ACADEMY EEL"	"(Boehlke, 1968)"
"APTERICHTUS KENDALLI"	398	161536	"FINLESS EEL"	"(Gilbert, 1891)"
"ECHIOPHIS "	399	161550	"SPOON-NOSE EEL UNCL"	NA
"PLACOPECTEN MAGELLANICUS CLAPPER"	400	NA	"SEA SCALLOP CLAPPER"	NA
"PLACOPECTEN MAGELLANICUS"	401	79718	"SEA SCALLOP"	"(Gmelin, 1791)"
"ARGOPECTEN IRRADIANS"	402	79737	"BAY SCALLOP"	"(Lamarck, 1819)"
"SPISULA SOLIDISSIMA"	403	80944	"ATLANTIC SURFCLAM"	"(Dillwyn, 1817)"
"ARGOPECTEN GIBBUS"	404	79734	"ATLANTIC CALICO SCALLOP"	"(Linnaeus, 1758)"
"THRACIA "	405	81962	"DUCK-BILL SHELL UNCL"	NA
"SPISULA SOLIDISSIMA CLAPPER"	406	NA	"ATLANTIC SURFCLAM CLAPPER"	NA
"MACTROMERIS POLYNYMA"	407	80983	"ARCTIC SURFCLAM"	"(Stimpson, 1860)"
"MACTROMERIS POLYNYMA CLAPPER"	408	NA	"ARCTIC SURFCLAM CLAPPER"	NA
"ARCTICA ISLANDICA"	409	81343	"OCEAN QUAHOG"	"(Linnaeus, 1767)"
"ARCTICA ISLANDICA CLAPPER"	410	NA	"OCEAN QUAHOG CLAPPER"	NA
"MERCENARIA CAMPECHIENSIS"	411	81499	"SOUTHERN QUAHOG"	"(Gmelin, 1791)"
"MERCENARIA CAMPECHIENSIS CLAPPER"	412	NA	"SOUTHERN QUAHOG CLAPPER"	NA
"MERCENARIA MERCENARIA"	413	81496	"NORTHERN QUAHOG"	"(Linnaeus, 1758)"
"MERCENARIA MERCENARIA CLAPPER"	414	NA	"NORTHERN QUAHOG CLAPPER"	NA
"PITAR MORRHUANUS"	415	81501	"FALSE QUAHOG"	"(Linsley, 1848)"
"SOLENIDAE"	416	81006	"RAZOR AND JACKKNIFE CLAM UNCL"	"Lamarck, 1809"
"CYRTODARIA SILIQUA"	417	81763	"NORTHERN PROPELLER CLAM"	"(Spengler, 1793)"
"SERRIPES GROENLANDICUS"	418	80879	"GREENLAND COCKLE"	"(Mohr, 1786)"
"CYCLOCARDIA BOREALIS"	419	80744	"NORTHERN CYCLOCARDIA"	"(Conrad, 1831)"
"ASTARTE CASTANEA"	420	80801	"SMOOTH ASTARTE"	"(Say, 1822)"
"SYNGNATHIDAE"	421	166443	"PIPEFISH SEAHORSE UNCL"	NA
"CAPROIDAE"	422	166309	"BOARFISH UNCL"	NA
"ATHERINIDAE"	423	165984	"SILVERSIDE UNCL"	NA
"OPHICHTHIDAE"	425	161419	"SNAKE EEL UNCL"	NA
"DOROSOMA CEPEDIANUM"	426	161737	"GIZZARD SHAD"	"(Lesueur, 1818)"
"JENKINSIA LAMPROTAENIA"	427	161759	"DWARF HERRING"	"(Gosse, 1851)"
"OPISTHONEMA OGLINUM"	428	161748	"ATLANTIC THREAD HERRING"	"(Lesueur, 1818)"
"SARDINELLA AURITA"	429	161763	"SPANISH SARDINE"	"Valenciennes in Cuvier and Valenciennes, 1847"
"ANCHOVIELLA PERFASCIATA"	430	161857	"FLAT ANCHOVY"	"(Poey, 1860)"
"ONCORHYNCHUS MYKISS"	431	161989	"RAINBOW TROUT"	"(Walbaum, 1792)"
"SALMO TRUTTA"	432	161997	"BROWN TROUT"	"Linnaeus, 1758"
"SAURIDA BRASILIENSIS"	433	162408	"LARGESCALE LIZARDFISH"	"Norman"
"SAURIDA NORMANI"	434	162411	"SHORTJAW LIZARDFISH"	"Longley"
"SYNODUS FOETENS"	435	162376	"INSHORE LIZARDFISH"	"(Linnaeus, 1766)"
"SYNODUS INTERMEDIUS"	436	162377	"SAND DIVER"	"Agassiz"
"SYNODUS POEYI"	437	162379	"OFFSHORE LIZARDFISH"	"Jordan"
"SYNODUS SYNODUS"	438	162382	"RED LIZARDFISH"	"(Linnaeus, 1758)"
"TRACHINOCEPHALUS MYOPS"	439	162420	"SNAKEFISH"	"Forster"
"ALEPISAURUS FEROX"	440	162527	"LONGNOSE LANCETFISH"	"Lowe, 1833"
"ARIUS FELIS"	441	164165	"HARDHEAD CATFISH"	"(Linnaeus, 1766)"
"BAGRE MARINUS"	442	164159	"GAFFTOPSAIL CATFISH"	"(Mitchill, 1815)"
"OPSANUS PARDUS"	443	164425	"LEOPARD TOADFISH"	"(Goode and Bean, 1879)"
"PORICHTHYS PLECTRODON"	444	164421	"ATLANTIC MIDSHIPMAN"	"Jordan and Gilbert, 1882"
"ANTENNARIUS OCELLATUS"	445	164524	"OCELLATED FROGFISH"	"(Bloch and Schneider, 1801)"
"ANTENNARIUS RADIOSUS"	446	164525	"SINGLESPOT FROGFISH"	"Garman, 1896"
"ANTENNARIUS STRIATUS"	447	164556	"STRIATED FROGFISH"	"(Shaw and Nodder, 1794)"
"HISTRIO HISTRIO"	448	164520	"SARGASSUMFISH"	"(Linnaeus, 1758)"
"HALIEUTICHTHYS ACULEATUS"	449	164594	"PANCAKE BATFISH"	"(Mitchill, 1818)"
"OGCOCEPHALUS NASUTUS"	450	164576	"SHORTNOSE BATFISH"	"(Valenciennes, 1837)"
"OGCOCEPHALUS PARVUS"	451	164578	"ROUGHBACK BATFISH"	"Longley and Hildebrand, 1940"
"OGCOCEPHALIDAE"	452	164573	"BATFISH UNCL"	NA
"MICROGADUS TOMCOD"	453	164720	"ATLANTIC TOMCOD"	"(Walbaum in Artedi, 1792)"
"UROPHYCIS EARLLII "	454	164736	"CAROLINA HAKE"	NA
"UROPHYCIS FLORIDANA"	455	164737	"SOUTHERN HAKE"	"(Bean and Dresel, 1884)"
"BROTULA BARBATA"	456	164818	"BEARDED BROTULA"	"(Schneider, 1801)"
"LEPOPHIDIUM JEANNAE"	457	164827	"MOTTLED CUSK-EEL"	"Fowler, 1941"
"OPHIDION GRAYI"	458	164841	"BLOTCHED CUSK-EEL"	"(Fowler, 1948)"
"OPHIDION HOLBROOKI"	459	164842	"BANK CUSK-EEL"	"(Putnam, 1874)"
"OPHIDION WELSHI"	460	164844	"CRESTED CUSK-EEL"	"(Nichols and Breder, 1922)"
"OPHIDIIDAE"	461	164807	"CUSK-EEL UNCL"	NA
"CARAPUS BERMUDENSIS"	462	165096	"PEARLFISH"	"(Jones, 1874)"
"CYPSELURUS CYANOPTERUS"	463	165436	"MARGINED FLYINGFISH"	"(Valenciennes, 1847)"
"CYPSELURUS FURCATUS"	464	165438	"SPOTFIN FLYINGFISH"	"(Mitchill, 1815)"
"CYPSELURUS MELANURUS"	465	165447	"ATLANTIC FLYINGFISH"	"(Valenciennes, 1847)"
"EULEPTORHAMPHUS VELOX"	466	165503	"FLYING HALFBEAK"	"Poey, 1868"
"EXOCOETUS OBTUSIROSTRIS"	467	165507	"OCEANIC TWO-WING FLYINGFISH"	"Guenther, 1866"
"HEMIRAMPHUS BRASILIENSIS"	468	165460	"BALLYHOO"	"(Linnaeus, 1758)"
"HIRUNDICHTHYS AFFINIS"	469	165516	"FOURWING FLYINGFISH"	"(Guenther, 1866)"
"PROGNICHTHYS GIBBIFRONS"	470	165524	"BLUNTNOSE FLYINGFISH"	"(Valenciennes, 1847)"
"STRONGYLURA MARINA"	471	165551	"ATLANTIC NEEDLEFISH"	"(Walbaum in Artedi, 1792)"
"CYPRINODON VARIEGATUS"	472	165631	"SHEEPSHEAD MINNOW"	"Lacepede, 1803"
"FUNDULUS HETEROCLITUS"	473	165647	"MUMMICHOG"	"(Linnaeus, 1766)"
"FUNDULUS MAJALIS"	474	165649	"STRIPED KILLIFISH"	"(Walbaum in Artedi, 1792)"
"MEMBRAS MARTINICA"	475	165989	"ROUGH SILVERSIDE"	"(Valenciennes in Cuvier and Valenciennes, 1835)"
"MENIDIA BERYLLINA"	476	165993	"TIDEWATER SILVERSIDE"	"(Cope, 1866)"
"CORNIGER SPINOSUS"	477	166251	"SPINYCHEEK SOLDIERFISH"	"Agassiz, 1829"
"HOLOCENTRUS ADSCENSIONIS"	478	166172	"SQUIRRELFISH"	"(Osbeck, 1765)"
"SARGOCENTRON BULLISI "	479	622109	"DEEPWATER SQUIRRELFISH"	NA
"HOLOCENTRUS RUFUS"	480	166173	"LONGSPINE SQUIRRELFISH"	"(Walbaum, 1792)"
"SARGOCENTRON VEXILLARIUM "	481	622110	"DUSKY SQUIRRELFISH"	NA
"MYRIPRISTIS JACOBUS"	482	166211	"BLACKBAR SOLDIERFISH"	"Cuvier, 1829"
"OSTICHTHYS TRACHYPOMA"	483	166240	"BIGEYE SOLDIERFISH"	"(Guenther, 1859)"
"PLECTRYPOPS RETROSPINIS"	484	166245	"CARDINAL SOLDIERFISH"	"(Guichenot, 1853)"
"HOLOCENTRIDAE"	485	166170	"SQUIRRELFISH UNCL"	NA
"ANTIGONIA COMBATIA"	486	166312	"SHORTSPINE BOARFISH"	"Berry and Rathjen, 1959"
"EUMECICHTHYS FISKI"	487	166338	"UNICORNFISH"	"(Guenther, 1890)"
"APELTES QUADRACUS"	488	166397	"FOURSPINE STICKLEBACK"	"(Mitchill, 1815)"
"FISTULARIA PETIMBA"	489	166417	"RED CORNETFISH"	"Lacepede, 1803"
"FISTULARIA "	490	166415	"CORNETFISH UNCL"	NA
"COSMOCAMPUS ALBIROSTRIS"	491	166597	"WHITENOSE PIPEFISH"	"(Kaup, 1856)"
"HIPPOCAMPUS ERECTUS"	492	166488	"LINED SEAHORSE"	"Perry, 1810"
"HIPPOCAMPUS REIDI"	493	166492	"LONGSNOUT SEAHORSE"	"Ginsburg, 1933"
"SYNGNATHUS FLORIDAE"	494	166446	"DUSKY PIPEFISH"	"(Jordan and Gilbert, 1882)"
"SYNGNATHUS LOUISIANAE"	495	166452	"CHAIN PIPEFISH"	"Guenther, 1870"
"SYNGNATHUS SPRINGERI"	496	166455	"BULL PIPEFISH"	"Herald, 1942"
"CENTROPOMUS UNDECIMALIS"	497	167648	"COMMON SNOOK"	"(Bloch, 1792)"
"EPINEPHELUS AFER"	498	167745	"MUTTON HAMLET"	"Bloch, 1793 (syn)"
"ANTHIAS ASPERILINGUIS"	499	167770	"CRIMSON BASS"	"Gunther"
"ANTHIAS NICHOLSI"	500	167771	"YELLOWFIN BASS"	"Firth, 1933"
"CEPHALOPODA"	501	82326	"SQUID CUTTLEFISH AND OCTOPOD UNCL"	"Cuvier, 1797"
"ILLEX ILLECEBROSUS"	502	82521	"NORTHERN SHORTFIN SQUID"	"(Lesueur, 1821)"
"LOLIGO PEALEII"	503	82372	"LONGFIN SQUID"	"Lesueur, 1821"
"LOLLIGUNCULA BREVIS"	504	82379	"ATLANTIC BRIEF SQUID"	"(Blainville, 1823)"
"LOLIGO PLEI"	505	82373	"ARROW SQUID"	NA
"SEPIOLIDAE"	506	82335	"BOBTAIL UNCL"	"Leach, 1817"
"SEMIROSSIA TENERA"	507	82340	"LESSER SHINING BOBTAIL"	"(Verrill, 1880)"
"STOLOTEUTHIS LEUCOPTERA"	508	82355	"SHIELD BOBTAIL"	"(Verrill, 1878)"
"ABRALIA VERANYI"	509	82407	"RUPPELL'S ABRALIA"	"(Ruppell, 1844)"
"OCTOPODA"	510	82589	"OCTOPUS UNCL"	"Leach, 1818"
"OCTOPUS VULGARIS"	511	82603	"COMMON OCTOPUS"	"Cuvier, 1797"
"BATHYPOLYPUS ARCTICUS"	512	82636	"SPOONARM OCTOPUS"	"(Prosch, 1847)"
"SCAEURGUS UNICIRRHUS"	513	82652	"UNICORN OCTOPUS"	"(Chiaie, 1839-41 in Ferussac and D'Orbigny, 1834-1848)"
"ROSSIA MEGAPTERA"	514	82353	"VERRILL'S BOBTAIL"	"Verrill, 1881 in 1880-1881"
"ROSSIA PALPEBROSA"	515	82348	"OWEN'S BOBTAIL"	"Owen, 1834"
"PORTUNUS SPINIMANUS"	516	98721	"BLOTCHED SWIMMING CRAB"	"Latreille, 1819"
"BATHYNECTES LONGISPINA"	517	98694	"BATHYAL SWIMMING CRAB"	"Stimpson, 1871"
"ARENAEUS CRIBRARIUS"	518	98691	"SPECKLED SWIMMING CRAB"	"(Lamarck, 1818)"
"ILLEX ILLECEBROSUS EGG MOPS"	519	NA	"NORTHERN SHORTFIN SQUID EGG MOPS"	NA
"LOLIGO PEALEII EGG MOPS"	520	NA	"LONGFIN SQUID EGG MOPS"	NA
"SCHULTZEA BETA"	523	167846	"SCHOOL BASS"	"(Hildebrand,1940)"
"MYCTEROPERCA INTERSTITIALIS"	524	167762	"YELLOWMOUTH GROUPER"	"(Poey, 1860)"
"CENTROPRISTIS OCYURUS"	526	167690	"BANK SEA BASS"	"(Jordan and Evermann, 1887)"
"CENTROPRISTIS PHILADELPHICA"	527	167691	"ROCK SEA BASS"	"(Linnaeus, 1758)"
"EPINEPHELUS INERMIS"	528	167743	"MARBLED GROUPER"	"(Valenciennes, 1833) (syn)"
"DIPLECTRUM BIVITTATUM"	529	167796	"DWARF SAND PERCH"	"(Valenciennes, 1828)"
"DIPLECTRUM FORMOSUM"	530	167793	"SAND PERCH"	"(Linnaeus, 1766)"
"EPINEPHELUS ADSCENSIONIS"	531	167696	"ROCK HIND"	"(Osbeck, 1765)"
"EPINEPHELUS DRUMMONDHAYI"	532	167698	"SPECKLED HIND"	"Goode and Bean, 1879"
"EPINEPHELUS FLAVOLIMBATUS"	533	167699	"YELLOWEDGE GROUPER"	"Poey, 1865"
"EPINEPHELUS GUTTATUS"	534	167700	"RED HIND"	"(Linnaeus, 1758)"
"EPINEPHELUS MORIO"	535	167702	"RED GROUPER"	"(Valenciennes, 1828)"
"EPINEPHELUS NIGRITUS"	536	167704	"WARSAW GROUPER"	"(Holbrook, 1855)"
"EPINEPHELUS NIVEATUS"	537	167705	"SNOWY GROUPER"	"(Valenciennes, 1828)"
"EPINEPHELUS STRIATUS"	538	167706	"NASSAU GROUPER"	"(Bloch, 1792)"
"HEMANTHIAS VIVANUS"	539	167801	"RED BARBIER"	"(Jordan and Swain, 1884)"
"MYCTEROPERCA BONACI"	540	167760	"BLACK GROUPER"	"(Poey, 1860)"
"MYCTEROPERCA MICROLEPIS"	541	167759	"GAG"	"(Goode and Bean, 1880)"
"MYCTEROPERCA PHENAX"	542	167763	"SCAMP"	"Jordan and Swain, 1885"
"MYCTEROPERCA VENENOSA"	543	167764	"YELLOWFIN GROUPER"	"(Linnaeus, 1758)"
"HOLANTHIAS MARTINICENSIS"	544	167931	"ROUGHTONGUE BASS"	"(Guichenot, 1868)"
"PARANTHIAS FURCIFER"	545	167838	"CREOLE-FISH"	"(Valenciennes, 1828)"
"HEMANTHIAS AUREORUBENS"	546	167803	"STREAMER BASS"	"(Longley, 1935)"
"SERRANICULUS PUMILIO"	547	167848	"PYGMY SEA BASS"	"Ginsburg, 1952"
"SERRANUS ANNULARIS"	548	167850	"ORANGEBACK BASS"	"(Guenther, 1880)"
"SERRANUS ATROBRANCHUS"	549	167851	"BLACKEAR BASS"	"(Cuvier, 1829)"
"SERRANUS BALDWINI"	550	167852	"LANTERN BASS"	"(Evermann and Marsh, 1900)"
"SERRANUS NOTOSPILUS"	551	167856	"SADDLE BASS"	"Longley, 1935"
"SERRANUS PHOEBE"	552	167857	"TATTLER"	"Poey, 1852"
"SERRANUS SUBLIGARIUS"	553	167858	"BELTED SANDFISH"	"(Cope, 1870)"
"SERRANIDAE"	554	167674	"SEA BASS UNCL"	NA
"RYPTICUS BISTRISPINUS"	555	167985	"FRECKLED SOAPFISH"	"(Mitchill, 1818)"
"PRIACANTHUS CRUENTATUS"	556	168179	"GLASSEYE SNAPPER"	"(Lacepede, 1801)"
"PRISTIGENYS ALTA"	557	168190	"SHORT BIGEYE"	"(Gill, 1862)"
"APOGON MACULATUS"	558	168204	"FLAMEFISH"	"(Poey, 1860)"
"APOGON PSEUDOMACULATUS"	559	168207	"TWOSPOT CARDINALFISH"	"Longley, 1932"
"CAULOLATILUS CYANOPS"	562	168541	"BLACKLINE TILEFISH"	"Poey, 1866"
"RACHYCENTRON CANADUM"	563	168566	"COBIA"	"(Linnaeus, 1766)"
"ECHENEIS NAUCRATES"	564	168575	"SHARKSUCKER"	"Linnaeus, 1758"
"REMORA BRACHYPTERA"	565	168572	"SPEARFISH REMORA"	"(Lowe, 1839)"
"REMORA OSTEOCHIR"	566	168570	"MARLINSUCKER"	"(Cuvier, 1829)"
"REMORA REMORA"	567	168571	"REMORA"	"(Linnaeus, 1758)"
"ALECTIS CILIARIS"	568	168602	"AFRICAN POMPANO"	"(Bloch, 1787)"
"CARANX BARTHOLOMAEI"	569	168606	"YELLOW JACK"	"Cuvier, 1833"
"CARANX HIPPOS"	570	168609	"CREVALLE JACK"	"(Linnaeus, 1766)"
"CARANX LATUS"	571	168610	"HORSE-EYE JACK"	"Agassiz in Spix and Agassiz, 1831"
"CARANX RUBER"	572	168614	"BAR JACK"	"(Bloch, 1793)"
"CHLOROSCOMBRUS CHRYSURUS"	573	168670	"ATLANTIC BUMPER"	"(Linnaeus, 1766)"
"ELAGATIS BIPINNULATA"	574	168738	"RAINBOW RUNNER"	"(Quoy and Gaimard, 1824)"
"HEMICARANX AMBLYRHYNCHUS"	575	168740	"BLUNTNOSE JACK"	"(Cuvier, 1833)"
"NAUCRATES DUCTOR"	576	168742	"PILOTFISH"	"(Linnaeus, 1758)"
"OLIGOPLITES SAURUS"	577	168673	"LEATHERJACK"	"(Bloch and Schneider, 1801)"
"SERIOLA RIVOLIANA"	578	168691	"ALMACO JACK"	"Valenciennes, 1833"
"TRACHINOTUS CAROLINUS"	579	168708	"FLORIDA POMPANO"	"(Linnaeus, 1766)"
"TRACHINOTUS FALCATUS"	580	168709	"PERMIT"	"(Linnaeus, 1758)"
"TRACHINOTUS GOODEI"	581	168710	"PALOMETA"	"Jordan and Evermann, 1896"
"CARANGIDAE"	582	168584	"JACK POMPANO UNCL"	NA
"CORYPHAENA EQUISELIS "	583	168792	"POMPANO DOLPHIN"	NA
"CORYPHAENA HIPPURUS"	584	168791	"DOLPHIN"	"Linnaeus, 1758"
"BRAMA BRAMA"	585	170290	"ATLANTIC POMFRET"	"(Bonnaterre, 1758)"
"LUTJANUS ANALIS"	586	168849	"MUTTON SNAPPER"	"(Cuvier, 1828)"
"LUTJANUS APODUS"	587	168850	"SCHOOLMASTER"	"(Walbaum in Artedi, 1792)"
"LUTJANUS BUCCANELLA"	588	168852	"BLACKFIN SNAPPER"	"(Cuvier, 1828)"
"LUTJANUS CAMPECHANUS"	589	168853	"RED SNAPPER"	"(Poey, 1860)"
"LUTJANUS GRISEUS"	590	168848	"GRAY SNAPPER"	"(Linnaeus, 1758)"
"LUTJANUS JOCU"	591	168857	"DOG SNAPPER"	"(Bloch and Schneider, 1801)"
"LUTJANUS SYNAGRIS"	592	168860	"LANE SNAPPER"	"(Linnaeus, 1758)"
"LUTJANUS VIVANUS"	593	168861	"SILK SNAPPER"	"(Cuvier in Cuvier and Valenciennes, 1828)"
"OCYURUS CHRYSURUS"	594	168907	"YELLOWTAIL SNAPPER"	"(Bloch, 1790)"
"PRISTIPOMOIDES AQUILONARIS"	595	168913	"WENCHMAN"	"(Goode and Bean, 1896)"
"RHOMBOPLITES AURORUBENS"	596	168909	"VERMILION SNAPPER"	"(Cuvier in Cuvier and Valenciennes, 1829)"
"LUTJANIDAE"	597	168845	"SNAPPER UNCL"	NA
"LOBOTES SURINAMENSIS"	598	169007	"TRIPLETAIL"	"(Bloch, 1790)"
"EUCINOSTOMUS GULA"	599	169016	"SILVER JENNY"	"(Quoy and Gaimard, 1824)"
"SQUALIDAE"	600	160604	NA	"Blainville, 1816"
"ETMOPTERUS GRACILISPINIS"	601	160669	"BROADBAND DOGFISH"	"Krefft, 1968"
"ETMOPTERUS HILLIANUS"	602	160657	"CARIBBEAN LANTERNSHARK"	"(Poey, 1861)"
"CENTROSCYMNUS COELOLEPIS"	603	160724	"PORTUGUESE SHARK"	"Bocage and Capello, 1864"
"ACANTHOCARPUS ALEXANDRI"	604	98355	"GLADIATOR BOX CRAB"	"Stimpson, 1871"
"COOKEOLUS JAPONICUS"	616	168195	"BULLEYE"	"(Cuvier, 1829)"
"XENOLEPIDICHTHYS DALGLEISHI"	617	166302	"SPOTTED TINSELFISH"	"Gilchrist, 1922"
"GRAMMATIDAE"	618	553216	"BASSLET UNCL"	NA
"POMACENTRIDAE"	619	170044	"DAMSELFISH UNCL"	NA
"SPHYRAENA "	620	170425	"BARRACUDAS"	NA
"CAULOLATILUS MICROPS"	621	168543	"BLUELINE TILEFISH"	"Goode and Bean, 1878"
"CAULOLATILUS CHRYSOPS"	622	168544	"GOLDFACE TILEFISH"	"(Valenciennes, 1833)"
"CAULOLATILUS INTERMEDIUS"	623	168542	"ANCHOR TILEFISH"	"Howell Rivero, 1936"
"MALACANTHUS PLUMIERI"	624	168548	"SAND TILEFISH"	"(Bloch, 1787)"
"GERREIDAE"	625	169013	"MOJARRA UNCL"	NA
"ANISOTREMUS VIRGINICUS"	626	169086	"PORKFISH"	"(Linnaeus, 1758)"
"HAEMULON AUROLINEATUM"	627	169058	"TOMTATE"	"Cuvier, 1830"
"HAEMULON CARBONARIUM"	628	169063	"CAESAR GRUNT"	"Poey, 1860"
"HAEMULON PLUMIERI"	629	169059	"WHITE GRUNT"	"(Lacepede, 1801)"
"HAEMULIDAE"	630	169055	"GRUNT UNCL"	NA
"ARCHOSARGUS PROBATOCEPHALUS"	631	169189	"SHEEPSHEAD"	"(Walbaum in Artedi, 1792)"
"CALAMUS BAJONADO"	632	169197	"JOLTHEAD PORGY"	"(Schneider, 1801)"
"CALAMUS CALAMUS"	633	169198	"SAUCEREYE PORGY"	"(Valenciennes, 1830)"
"CALAMUS LEUCOSTEUS"	634	169200	"WHITEBONE PORGY"	"Jordan and Gilbert, 1885"
"CALAMUS NODOSUS"	635	169201	"KNOBBED PORGY"	"Randall and Caldwell, 1966"
"CALAMUS PENNA"	636	169205	"SHEEPSHEAD PORGY"	"(Valenciennes, 1830)"
"CALAMUS PRORIDENS"	637	169203	"LITTLEHEAD PORGY"	"Jordan and Gilbert, 1884"
"DIPLODUS ARGENTEUS"	638	169193	"SILVER PORGY"	"(Valenciennes, 1830)"
"DIPLODUS HOLBROOKII "	639	169192	"SPOTTAIL PINFISH"	NA
"LAGODON RHOMBOIDES"	640	169187	"PINFISH"	"(Linnaeus, 1766)"
"PAGRUS SEDECIM"	641	169208	"RED PORGY"	"Ginsburg"
"SPARIDAE"	643	169180	"PORGY AND PINFISH UNCL"	NA
"CYNOSCION ARENARIUS"	644	169243	"SAND SEATROUT"	"Ginsberg, 1930"
"CYNOSCION NEBULOSUS"	645	169239	"SPOTTED SEATROUT"	"(Cuvier in Cuvier and Valenciennes, 1830)"
"CYNOSCION NOTHUS"	646	169240	"SILVER SEATROUT"	"(Holbrook, 1855)"
"EQUETUS ACUMINATUS"	647	169313	"HIGH-HAT"	"(Schneider, 1801)"
"EQUETUS LANCEOLATUS"	648	169314	"JACKKNIFE-FISH"	"(Linnaeus, 1758)"
"EQUETUS PUNCTATUS"	649	169317	"SPOTTED DRUM"	"(Schneider, 1801)"
"EQUETUS UMBROSUS"	650	169318	"CUBBYU"	"Jordan and Eigenmann, 1889"
"LARIMUS FASCIATUS"	651	169269	"BANDED DRUM"	"Holbrook, 1855"
"MENTICIRRHUS AMERICANUS"	652	169274	"SOUTHERN KINGFISH"	"(Linnaeus, 1758)"
"MENTICIRRHUS LITTORALIS"	653	169275	"GULF KINGFISH"	"(Holbrook, 1855)"
"SCIAENOPS OCELLATUS"	654	169290	"RED DRUM"	"(Linnaeus, 1766)"
"STELLIFER LANCEOLATUS"	655	169292	"STAR DRUM"	"(Holbrook, 1855)"
"PSEUDUPENEUS MACULATUS"	656	169421	"SPOTTED GOATFISH"	"(Bloch, 1793)"
"UPENEUS PARVUS"	657	169441	"DWARF GOATFISH"	"Poey, 1853"
"KYPHOSUS SECTATRIX"	658	169506	"BERMUDA CHUB"	"(Linnaeus, 1758)"
"CHAETODIPTERUS FABER"	659	169539	"ATLANTIC SPADEFISH"	"(Broussonet, 1782)"
"CHAETODON AYA"	660	169557	"BANK BUTTERFLYFISH"	"Jordan, 1886"
"CHAETODON CAPISTRATUS"	661	169558	"FOUREYE BUTTERFLYFISH"	"Linnaeus, 1758"
"CHAETODON OCELLATUS"	662	169556	"SPOTFIN BUTTERFLYFISH"	"Bloch, 1787"
"CHAETODON SEDENTARIUS"	663	169562	"REEF BUTTERFLYFISH"	"Poey, 1860"
"CHAETODON STRIATUS"	664	169563	"BANDED BUTTERFLYFISH"	"Linnaeus, 1758"
"HOLACANTHUS BERMUDENSIS"	665	169626	"BLUE ANGELFISH"	"Goode, 1876"
"HOLACANTHUS CILIARIS"	666	169623	"QUEEN ANGELFISH"	"(Linnaeus, 1758)"
"HOLACANTHUS TRICOLOR"	667	169625	"ROCK BEAUTY"	"(Bloch, 1795)"
"POMACANTHUS ARCUATUS"	668	169632	"GRAY ANGELFISH"	"(Linnaeus, 1758)"
"ABUDEFDUF SAXATILIS"	669	170046	"SERGEANT MAJOR"	"(Linnaeus, 1758)"
"CHROMIS ENCHRYSURUS"	670	170081	"YELLOWTAIL REEFFISH"	"Jordan and Gilbert, 1882"
"CHROMIS INSOLATA"	671	170082	"SUNSHINEFISH"	"(Cuvier, 1830)"
"POMACENTRUS LEUCOSTICTUS"	672	170180	"BEAUGREGORY"	"Mueller and Troschel, 1848"
"BODIANUS PULCHELLUS"	673	170483	"SPOTFIN HOGFISH"	"(Poey, 1860)"
"CLEPTICUS PARRAE"	674	170496	"CREOLE WRASSE"	"(Bloch and Schneider, 1801)"
"DECODON PUELLARIS"	675	170498	"RED HOGFISH"	"(Poey, 1860)"
"HALICHOERES BATHYPHILUS"	676	170502	"GREENBAND WRASSE"	"(Beebe and Tee-van, 1932)"
"HALICHOERES BIVITTATUS"	677	170503	"SLIPPERY DICK"	"(Bloch, 1791)"
"HALICHOERES CAUDALIS"	678	170504	"PAINTED WRASSE"	"(Poey, 1860)"
"HALICHOERES POEYI"	679	170509	"BLACKEAR WRASSE"	"(Steindachner, 1867)"
"HALICHOERES RADIATUS"	680	170510	"PUDDINGWIFE"	"(Linnaeus, 1758)"
"HEMIPTERONOTUS NOVACULA"	681	170537	"PEARLY RAZORFISH"	"(Linnaeus, 1758)"
"LACHNOLAIMUS MAXIMUS"	682	170566	"HOGFISH"	"(Walbaum, 1792)"
"LABRIDAE"	683	170477	"WRASSE UNCL"	NA
"CRYPTOTOMUS ROSEUS"	684	170857	"BLUELIP PARROTFISH"	"Cope, 1871"
"NICHOLSINA USTA"	685	170860	"EMERALD PARROTFISH"	"(Valenciennes, 1839)"
"SCARUS COERULEUS"	686	170811	"BLUE PARROTFISH"	"(Bloch, 1786)"
"SPARISOMA RADIANS"	687	170865	"BUCKTOOTH PARROTFISH"	"(Valenciennes, 1839)"
"SCARIDAE"	688	170809	"PARROTFISH UNCL"	NA
"MUGIL CEPHALUS"	689	170335	"STRIPED MULLET"	"Linnaeus, 1758"
"MUGIL CUREMA"	690	170336	"WHITE MULLET"	"Valenciennes in Cuvier and Valenciennes, 1836"
"MUGIL LIZA"	691	170338	"LIZA"	"Valenciennes in Cuvier and Valenciennes, 1836"
"MUGIL GYRANS"	692	170351	"FANTAIL MULLET"	"(Jordan and Gilbert, 1884)"
"SPHYRAENA BARRACUDA"	693	170429	"GREAT BARRACUDA"	"(Walbaum in Artedi, 1792)"
"SPHYRAENA BOREALIS"	694	170427	"NORTHERN SENNET"	"De Kay, 1842"
"SPHYRAENA GUACHANCHO"	695	170428	"GUAGUANCHE"	"Cuvier, 1829"
"OPISTOGNATHUS LONCHURUS"	696	170926	"MOUSTACHE JAWFISH"	"(Jordan and Gilbert, 1882)"
"OPISTOGNATHUS MAXILLOSUS"	697	170927	"MOTTLED JAWFISH"	"(Poey, 1860)"
"BEMBROPS GOBIOIDES"	698	170998	"GOBY FLATHEAD"	"(Goode, 1880)"
"ASTROSCOPUS Y-GRAECUM"	699	171056	"SOUTHERN STARGAZER"	"(Cuvier, 1829)"
"XIPHIAS GLADIUS"	700	172482	"SWORDFISH"	"Linnaeus, 1758"
"AUXIS ROCHEI"	701	172455	"BULLET MACKEREL"	"(Risso, 1810)"
"AUXIS THAZARD"	702	172456	"FRIGATE MACKEREL"	"(Lacepede, 1800)"
"THUNNUS ALALUNGA"	703	172419	"ALBACORE"	"(Bonnaterre, 1788)"
"THUNNUS ALBACARES"	704	172423	"YELLOWFIN TUNA"	"(Bonnaterre, 1788)"
"THUNNUS ATLANTICUS"	705	172427	"BLACKFIN TUNA"	"(Lesson, 1830)"
"THUNNUS OBESUS"	706	172428	"BIGEYE TUNA"	"(Lowe, 1839)"
"MAKAIRA NIGRICANS"	707	172491	"BLUE MARLIN"	"Lacepede, 1802"
"TETRAPTURUS ALBIDUS"	708	172499	"WHITE MARLIN"	"Poey, 1860"
"XENOCEPHALUS EGREGIUS "	725	630400	"FRECKLED STARGAZER"	NA
"KATHETOSTOMA ALBIGUTTA"	726	171061	"LANCER STARGAZER"	"(Bean, 1892)"
"CLINIDAE"	727	171396	"CLINID UNCL"	NA
"PARABLENNIUS MARMOREUS"	728	171304	"SEAWEED BLENNY"	"(Poey, 1876)"
"CHASMODES BOSQUIANUS"	729	171164	"STRIPED BLENNY"	"(Lacepede, 1800)"
"HYPLEUROCHILUS GEMINATUS"	730	171198	"CRESTED BLENNY"	"(Wood, 1825)"
"HYPSOBLENNIUS HENTZ"	731	171156	"FEATHER BLENNY"	"(Lesueur, 1825)"
"HYPSOBLENNIUS IONTHAS"	732	171157	"FRECKLED BLENNY"	"(Jordan and Gilbert, 1882)"
"BLENNIIDAE"	733	171124	"COMBTOOTH BLENNY UNCL"	NA
"AMMODYTES AMERICANUS"	734	171673	"AMERICAN SAND LANCE"	"De Kay, 1842"
"FOETOREPUS AGASSIZI"	735	171740	"SPOTFIN DRAGONET"	"(Goode and Bean, 1888)"
"DORMITATOR MACULATUS"	736	171919	"FAT SLEEPER"	"(Bloch, 1792)"
"BATHYGOBIUS SOPORATOR"	737	171820	"FRILLFIN GOBY"	"(Valenciennes in Cuvier and Valenciennes, 1837)"
"GOBIOSOMA BOSC"	738	171789	"NAKED GOBY"	"(Lacepede, 1800)"
"GOBIIDAE"	739	171746	"GOBY UNCL"	NA
"ACANTHURUS BAHIANUS"	740	172252	"OCEAN SURGEON"	"Castelnau, 1855"
"ACANTHURUS CHIRURGUS"	741	172253	"DOCTORFISH"	"(Bloch, 1787)"
"ACANTHURUS COERULEUS"	742	172254	"BLUE TANG"	"Schneider, 1801"
"EUTHYNNUS ALLETTERATUS"	743	172402	"LITTLE TUNNY"	"(Rafinesque, 1810)"
"SCOMBEROMORUS CAVALLA"	744	172435	"KING MACKEREL"	"(Cuvier, 1829)"
"SCOMBEROMORUS MACULATUS"	745	172436	"SPANISH MACKEREL"	"(Mitchill, 1815)"
"SCOMBEROMORUS REGALIS"	746	172437	"CERO"	"(Bloch, 1793)"
"THUNNUS THYNNUS"	747	172421	"BLUEFIN TUNA"	"(Linnaeus, 1758)"
"ARIOMMA REGULUS"	748	172540	"SPOTTED DRIFTFISH"	"(Poey, 1868)"
"PEPRILUS ALEPIDOTUS"	749	172570	"HARVESTFISH"	"(Linnaeus, 1766)"
"STROMATEIDAE"	750	172563	"BUTTERFISH UNCL"	NA
"NEOMERINTHE HEMINGWAYI"	751	166794	"SPINYCHEEK SCORPIONFISH"	"Fowler, 1935"
"PONTINUS RATHBUNI"	752	166803	"HIGHFIN SCORPIONFISH"	"Goode and Bean, 1896"
"SCORPAENA AGASSIZI"	753	166812	"LONGFIN SCORPIONFISH"	"Goode and Bean, 1896"
"SCORPAENA BRASILIENSIS"	754	166816	"BARBFISH"	"Cuvier, 1829"
"SCORPAENA CALCARATA"	755	166817	"SMOOTHHEAD SCORPIONFISH"	"Goode and Bean, 1882"
"SCORPAENA DISPAR"	756	166818	"HUNCHBACK SCORPIONFISH"	"Longley and Hildebrand, 1940"
"SCORPAENA GRANDICORNIS"	757	166820	"PLUMED SCORPIONFISH"	"Cuvier, 1829"
"SCORPAENA PLUMIERI"	758	166825	"SPOTTED SCORPIONFISH"	"Bloch, 1789"
"SCORPAENIDAE"	759	166704	"SCORPIONFISH AND ROCKFISH UNCL"	NA
"BELLATOR BRACHYCHIR"	760	166998	"SHORTFIN SEAROBIN"	"(Regan, 1914)"
"BELLATOR EGRETTA"	761	166999	"STREAMER SEAROBIN"	"(Goode and Bean, 1896)"
"BELLATOR MILITARIS"	762	167000	"HORNED SEAROBIN"	"(Goode and Bean, 1896)"
"PERISTEDION GRACILE"	763	167006	"SLENDER SEAROBIN"	"Goode and Bean, 1896"
"PRIONOTUS ALATUS"	764	166978	"SPINY SEAROBIN"	"Goode and Bean, 1883"
"PRIONOTUS OPHRYAS"	765	166986	"BANDTAIL SEAROBIN"	"Jordan and Swain, 1884"
"PRIONOTUS ROSEUS"	766	166990	"BLUESPOTTED SEAROBIN"	"Jordan and Evermann, 1896"
"PRIONOTUS LONGISPINOSUS"	767	166996	"BIGEYE SEAROBIN"	"Teague, 1951"
"PRIONOTUS RUBIO"	768	166991	"BLACKWING SEAROBIN"	"Jordan, 1886"
"PRIONOTUS SCITULUS"	769	166976	"LEOPARD SEAROBIN"	"Jordan and Gilbert, 1882"
"PRIONOTUS TRIBULUS"	770	166977	"BIGHEAD SEAROBIN"	"Cuvier, 1829"
"MYOXOCEPHALUS QUADRICORNIS"	772	167316	"FOURHORN SCULPIN"	"(Linnaeus, 1758)"
"PLEURONECTIDAE"	773	172859	"RIGHTEYE FLOUNDER UNCL"	NA
"ANCYLOPSETTA DILECTA"	774	172754	"THREE-EYE FLOUNDER"	"(Goode and Bean, 1883)"
"ANCYLOPSETTA QUADROCELLATA"	775	172757	"OCELLATED FLOUNDER"	"Gill, 1884"
"BOTHUS LUNATUS"	776	172759	"PEACOCK FLOUNDER"	"(Linnaeus, 1758)"
"BOTHUS OCELLATUS"	777	172761	"EYED FLOUNDER"	"(Agassiz, 1831)"
"CHASCANOPSETTA LUGUBRIS"	778	172773	"PELICAN FLOUNDER"	"Alcock, 1894"
"CITHARICHTHYS ARENACEUS"	779	172720	"SAND WHIFF"	"Evermann and Marsh, 1900"
"CITHARICHTHYS CORNUTUS"	780	172721	"HORNED WHIFF"	"(Guenther, 1880)"
"CITHARICHTHYS MACROPS"	781	172724	"SPOTTED WHIFF"	"Dresel, 1885"
"CITHARICHTHYS SPILOPTERUS"	782	172725	"BAY WHIFF"	"Guenther, 1862"
"CYCLOPSETTA FIMBRIATA"	783	172777	"SPOTFIN FLOUNDER"	"(Goode and Bean, 1885)"
"ENGYOPHRYS SENTA"	784	172779	"SPINY FLOUNDER"	"Ginsburg, 1933"
"ETROPUS CROSSOTUS"	785	172729	"FRINGED FLOUNDER"	"Jordan and Gilbert, 1882"
"ETROPUS RIMOSUS"	786	172732	"GRAY FLOUNDER"	"Goode and Bean, 1885"
"GASTROPSETTA FRONTALIS"	787	172781	"SHRIMP FLOUNDER"	"Bean, 1895"
"PARALICHTHYS ALBIGUTTA"	788	172736	"GULF FLOUNDER"	"Jordan and Gilbert, 1882"
"PARALICHTHYS LETHOSTIGMA"	789	172738	"SOUTHERN FLOUNDER"	"Jordan and Gilbert, 1884"
"PARALICHTHYS SQUAMILENTUS"	790	172740	"BROAD FLOUNDER"	"Jordan and Gilbert, 1882"
"SYACIUM GUNTERI"	791	172791	"SHOAL FLOUNDER"	"Ginsburg, 1933"
"SYACIUM MICRURUM"	792	172792	"CHANNEL FLOUNDER"	"Ranzani, 1840"
"SYACIUM PAPILLOSUM"	793	172793	"DUSKY FLOUNDER"	"(Linnaeus, 1758)"
"ETROPUS "	794	172728	"ETROPUS UNCL"	NA
"BOTHIDAE"	795	172714	"LEFTEYE FLOUNDER UNCL"	NA
"GYMNACHIRUS MELAS"	796	172991	"NAKED SOLE"	"(Nichols, 1916)"
"SYMPHURUS CIVITATUS"	797	173063	"OFFSHORE TONGUEFISH"	"Ginsburg, 1951"
"SYMPHURUS DIOMEDIANUS"	798	173064	"SPOTTEDFIN TONGUEFISH"	"(Goode and Bean, 1886)"
"SYMPHURUS MINOR"	799	173066	"LARGESCALE TONGUEFISH"	"Ginsburg, 1951"
"BALISTIDAE"	820	173128	"TRIGGERFISH FILEFISH UNCL"	NA
"SYMPHURUS MARGINATUS"	821	173065	"SLENDER TONGUEFISH"	NA
"TRICHIURIDAE"	822	172378	"SNAKE MACKEREL UNCL"	NA
"RUVETTUS PRETIOSUS"	823	172364	"OILFISH"	"Cocco, 1829"
"LEPIDOCYBIUM FLAVOBRUNNEUM"	824	172362	"ESCOLAR"	"(Smith, 1849)"
"SYMPHURUS PLAGIUSA"	825	173062	"BLACKCHEEK TONGUEFISH"	"(Linnaeus, 1766)"
"SYMPHURUS PUSILLUS"	826	173070	"NORTHERN TONGUEFISH"	"(Goode and Bean, 1885)"
"SYMPHURUS UROSPILUS"	827	173071	"SPOTTAIL TONGUEFISH"	"(Ginsberg, 1951)"
"PARAHOLLARDIA LINEATA"	829	173121	"JAMBEAU"	"(Longley, 1935)"
"ALUTERUS HEUDELOTI"	830	173132	"DOTTEREL FILEFISH"	"Hollard, 1855"
"ALUTERUS MONOCEROS"	831	173133	"UNICORN FILEFISH"	"(Linnaeus, 1758)"
"ALUTERUS SCHOEPFI"	832	173131	"ORANGE FILEFISH"	"(Walbaum, 1792)"
"ALUTERUS SCRIPTUS"	833	173134	"SCRAWLED FILEFISH"	"(Osbeck, 1765)"
"BALISTES VETULA"	834	173139	"QUEEN TRIGGERFISH"	"Linnaeus, 1758"
"CANTHIDERMIS SUFFLAMEN"	835	173170	"OCEAN TRIGGERFISH"	"(Mitchill, 1815)"
"MONACANTHUS CILIATUS"	836	173179	"FRINGED FILEFISH"	"(Mitchill, 1818)"
"LACTOPHRYS BICAUDALIS"	837	173238	"SPOTTED TRUNKFISH"	"(Linnaeus, 1758)"
"LACTOPHRYS POLYGONIA"	838	173241	"HONEYCOMB COWFISH"	"(Poey, 1876)"
"LACTOPHRYS QUADRICORNIS"	839	173240	"SCRAWLED COWFISH"	"(Linnaeus, 1758)"
"LACTOPHRYS TRIGONUS"	840	173237	"TRUNKFISH"	"(Linnaeus, 1758)"
"LACTOPHRYS TRIQUETER"	841	173239	"SMOOTH TRUNKFISH"	"(Linnaeus, 1758)"
"CANTHIGASTER ROSTRATA"	842	173320	"SHARPNOSE PUFFER"	"(Bloch, 1782)"
"SPHOEROIDES DORSALIS"	843	173294	"MARBLED PUFFER"	"Longley, 1934"
"SPHOEROIDES NEPHELUS"	844	173297	"SOUTHERN PUFFER"	"(Goode and Bean, 1882)"
"SPHOEROIDES SPENGLERI"	845	173300	"BANDTAIL PUFFER"	"(Bloch, 1782)"
"SPHOEROIDES TESTUDINEUS"	846	173291	"CHECKERED PUFFER"	"(Linnaeus, 1758)"
"CHILOMYCTERUS ANTILLARUM"	847	173386	"WEB BURRFISH"	"Jordan and Rutter, 1897"
"CHILOMYCTERUS ATINGA"	848	173387	"SPOTTED BURRFISH"	"(Linnaeus, 1758)"
"DIODON HOLOCANTHUS"	849	173392	"BALLOONFISH"	"Linnaeus, 1758"
"DIODON HYSTRIX"	850	173391	"PORCUPINEFISH"	"Linnaeus, 1758"
"ENGRAULIDAE"	851	553173	"ANCHOVY UNCL"	NA
"SYNODONTIDAE"	852	162374	"LIZARDFISH UNCL"	NA
"PARALICHTHYS "	853	172734	"SUMMER FLOUNDERS"	NA
"POMACENTRUS VARIABILIS"	854	170186	"COCOA DAMSELFISH"	"Castelnau, 1855"
"CHAETODONTIDAE"	855	169554	"BUTTERFLYFISH UNCL"	NA
"ARGENTINA STRIATA"	856	162067	"STRIATED ARGENTINE"	"Goode and Bean, 1895"
"URANOSCOPIDAE"	857	171053	"STARGAZER UNCL"	NA
"SCIAENIDAE"	858	169237	"DRUM UNCL"	NA
"ANCHOA LYOLEPIS"	859	161842	"DUSKY ANCHOVY"	"(Evermann and Marsh, 1900)"
"SCOMBRIDAE"	860	172398	"MACKEREL AND TUNA UNCL"	NA
"TETRAODONTIDAE"	861	173283	"PUFFER UNCL"	NA
"CHAUNAX STIGMAEUS"	862	164572	"REDEYE GAPER"	"Fowler, 1946"
"EPINEPHELUS MYSTACINUS"	863	167703	"MISTY GROUPER"	"(Poey, 1852)"
"PROGNATHODES ACULEATUS"	864	169593	"LONGSNOUT BUTTERFLYFISH"	"(Poey, 1860)"
"ENGRAULIS EURYSTOLE"	865	161830	"SILVER ANCHOVY"	"(Swain and Meek, 1884)"
"CITHARICHTHYS "	866	172715	"SANDDABS"	NA
"LAEMONEMA BARBATULUM"	867	164675	NA	"Goode and Bean, 1883"
"OPHIDION SELENOPS"	869	164843	"MOONEYE CUSK-EEL"	"Robins and Boehlke, 1959"
"GYMNOTHORAX SAXICOLA"	870	161192	"HONEYCOMB MORAY"	"Jordan and Davis, 1891"
"PRIONOTUS STEARNSI"	871	166994	"SHORTWING SEAROBIN"	"Jordan and Swain, 1884"
"EUCINOSTOMUS ARGENTEUS"	872	169015	"SPOTFIN MOJARRA"	"Baird and Girard in Baird, 1855"
"BOTHUS ROBINSI"	873	172762	"TWOSPOT FLOUNDER"	"Topp and Hoff, 1972"
"GEMPYLUS SERPENS"	874	172360	"SNAKE MACKEREL"	"Cuvier, 1829"
"HARENGULA JAGUANA"	875	161755	"SCALED SARDINE"	"Poey, 1865"
"CUBICEPS PAUCIRADIATUS"	876	172546	"BIGEYE CIGARFISH"	"Guenther, 1872"
"SERIOLA FASCIATA"	877	168690	"LESSER AMBERJACK"	"(Bloch, 1797)"
"HAEMULON STRIATUM"	878	169073	"STRIPED GRUNT"	"(Linnaeus, 1758)"
"ECHIOPHIS PUNCTIFER"	879	161553	"SNAPPER EEL"	"(Kaup, 1860)"
"SPHOEROIDES PACHYGASTER"	880	173298	"BLUNTHEAD PUFFER"	"(Mueller and Troschel, 1848)"
"GOBIESOX STRUMOSUS"	881	164460	"SKILLETFISH"	"Cope, 1870"
"CITHARICHTHYS GYMNORHINUS"	882	172723	"ANGLEFIN WHIFF"	"Gutherz and Blackman, 1970"
"OGCOCEPHALUS RADIATUS"	883	164579	"POLKA-DOT BATFISH"	"(Mitchill, 1818)"
"TRACHYSCORPIA CRISTULATA"	885	166859	"ATLANTIC THORNYHEAD"	"(Goode and Bean, 1896)"
"GONOSTOMATIDAE"	887	162163	"LIGHTFISH UNCL"	NA
"APOGON AUROLINEATUS"	888	168201	"BRIDLE CARDINALFISH"	"(Mowbray, 1927)"
"ANCHOA CUBANA"	889	161840	"CUBAN ANCHOVY"	"(Poey, 1868)"
"ARIOMMA MELANUM"	891	172538	"BROWN DRIFTFISH"	"(Ginsburg, 1954)"
"GLOSSANODON PYGMAEUS"	892	162074	"PYGMY ARGENTINE"	"Cohen, 1958"
"SALMO SALAR"	894	161996	"ATLANTIC SALMON"	"Linnaeus, 1758"
"RYPTICUS SUBBIFRENATUS"	895	167991	"SPOTTED SOAPFISH"	"(Gill, 1861)"
"PARALEPIDIDAE "	896	162463	"BARRACUDINAS"	NA
"LOPHIUS GASTROPHYSUS"	897	164500	"BLACKFIN GOOSEFISH"	"Ribeiro, 1915"
"URASPIS SECUNDA"	898	168746	"COTTONMOUTH JACK"	"(Poey, 1860)"
"CYTTOPSIS ROSEA"	899	166280	"RED DORY"	"(Goode and Bean, 1896)"
"LOPHIIFORMES"	900	164495	"LOPHIIFORM UNCL"	NA
"GASTEROSTEUS WHEATLANDI"	901	166385	"BLACKSPOTTED STICKLEBACK"	"Putnam, 1867"
"PUNGITIUS PUNGITIUS"	902	166387	"NINESPINE STICKLEBACK"	"(Linnaeus, 1758)"
"PLEOTICUS ROBUSTUS"	910	95966	"ROYAL RED SHRIMP"	"(Smith, 1885)"
"PLESIOPENAEUS EDWARDSIANUS"	911	96071	"SCARLET GAMBA SHRIMP"	"(Johnson, 1868)"
"CALOCARIS TEMPLEMANI"	912	97707	NA	"Squires, 1965"
"PENAEUS AZTECUS"	913	95605	"BROWN SHRIMP"	"Ives, 1891"
"PENAEUS DUORARUM"	914	95608	"PINK SHRIMP"	"Burkenroad, 1939"
"PENAEUS SETIFERUS"	915	95610	"WHITE SHRIMP"	"(Linnaeus, 1767)"
"BREVIRAJA PLUTONIA"	924	160911	"LONGTAIL SKATE"	"Garman, 1881 (syn)"
"ALOPIAS VULPINUS"	925	159916	"THRESHER SHARK"	"(Bonnaterre, 1788)"
"ALOPIAS SUPERCILIOSUS"	926	159921	"BIGEYE THRESHER SHARK"	"(Lowe, 1841)"
"ISURUS PAUCUS"	927	159926	"LONGFIN MAKO"	"Guitart Manday, 1966"
"CARCHARHINUS ISODON"	928	160409	"FINETOOTH SHARK"	"(Muller and Henle, 1839)"
"CARCHARHINUS ALTIMUS"	929	160307	"BIGNOSE SHARK"	"(Springer, 1950)"
"CARCHARHINUS LONGIMANUS"	930	160330	"OCEANIC WHITETIP SHARK"	"(Poey, 1861)"
"CARCHARHINUS BREVIPINNA"	931	160401	"SPINNER SHARK"	"(Muller and Henle, 1839)"
"CARCHARHINUS POROSUS"	932	160340	"SMALLTAIL SHARK"	"(Ranzani, 1840)"
"CARCHARHINUS PEREZII"	933	160336	"REEF SHARK"	"(Poey, 1876)"
"CARCHARHINUS SIGNATUS"	934	160413	"NIGHT SHARK"	"(Poey, 1868)"
"MUSTELUS NORRISI"	935	160234	"FLORIDA SMOOTHHOUND"	"Springer, 1939"
"TRIAKIS SEMIFASCIATA"	936	160448	"LEOPARD SHARK"	"Girard, 1855"
"SPHYRNA MEDIA"	937	160524	"SCOOPHEAD SHARK"	"Springer, 1940"
"SARDA ORIENTALIS"	938	172410	"STRIPED BONITO"	"(Temminck and Schlegel, 1844)"
"ISTIOPHORUS PLATYPTERUS"	939	172488	"SAILFISH"	"(Shaw and Nodder, 1792)"
"MAKAIRA INDICA"	940	172492	"BLACK MARLIN"	"(Cuvier, 1832)"
"TETRAPTURUS ANGUSTIROSTRIS"	941	172503	"SHORTBILL SPEARFISH"	"Tanaka, 1915"
"TETRAPTURUS AUDAX"	942	172504	"STRIPED MARLIN"	"(Philippi, 1887)"
"TETRAPTURUS PFLUEGERI"	943	172502	"LONGBILL SPEARFISH"	"Robins and De Sylva, 1963"
"CARETTA CARETTA"	950	173830	"LOGGERHEAD SEATURTLE"	"(Linnaeus, 1758)"
"CHELONIA MYDAS"	951	173833	"GREEN SEATURTLE"	"(Linnaeus, 1758)"
"DERMOCHELYS CORIACEA"	952	173843	"LEATHERBACK SEATURTLE"	"(Vandelli, 1761)"
"ERETMOCHELYS IMBRICATA"	953	173836	"HAWKSBILL SEATURTLE"	"(Linnaeus, 1766)"
"LEPIDOCHELYS KEMPI"	954	173839	"KEMP'S RIDLEY SEATURTLE"	"(Garman, 1880) (syn)"
"TRASH SPECIES IN CATCH"	998	NA	"TRASH"	NA
